-- phpMyAdmin SQL Dump
-- version 4.5.1
-- http://www.phpmyadmin.net
--
-- Servidor: 127.0.0.1
-- Tiempo de generación: 01-12-2017 a las 20:54:56
-- Versión del servidor: 10.1.16-MariaDB
-- Versión de PHP: 5.6.24

SET SQL_MODE = "NO_AUTO_VALUE_ON_ZERO";
SET time_zone = "+00:00";


/*!40101 SET @OLD_CHARACTER_SET_CLIENT=@@CHARACTER_SET_CLIENT */;
/*!40101 SET @OLD_CHARACTER_SET_RESULTS=@@CHARACTER_SET_RESULTS */;
/*!40101 SET @OLD_COLLATION_CONNECTION=@@COLLATION_CONNECTION */;
/*!40101 SET NAMES utf8mb4 */;

--
-- Base de datos: `sigmanstec`
--
CREATE DATABASE IF NOT EXISTS `sigmanstec` DEFAULT CHARACTER SET utf8 COLLATE utf8_spanish2_ci;
USE `sigmanstec`;

-- --------------------------------------------------------

--
-- Estructura de tabla para la tabla `bitacora`
--

CREATE TABLE `bitacora` (
  `id` int(11) NOT NULL,
  `operacion` varchar(255) COLLATE utf8_spanish_ci NOT NULL,
  `fecha` datetime(3) DEFAULT NULL,
  `ip` varchar(35) COLLATE utf8_spanish_ci NOT NULL,
  `id_usuario` int(11) NOT NULL
) ENGINE=InnoDB DEFAULT CHARSET=utf8 COLLATE=utf8_spanish_ci;

-- --------------------------------------------------------

--
-- Estructura de tabla para la tabla `cfg_caracteristicas_fisc_comp`
--

CREATE TABLE `cfg_caracteristicas_fisc_comp` (
  `id` int(11) NOT NULL,
  `id_tipo_fisc` int(11) NOT NULL,
  `id_modelo_fisc` int(11) NOT NULL,
  `id_umcapacidad_fisc` int(11) DEFAULT NULL,
  `capacidad` int(255) DEFAULT NULL,
  `estado` int(1) NOT NULL
) ENGINE=InnoDB DEFAULT CHARSET=utf8 COLLATE=utf8_spanish_ci;

--
-- Volcado de datos para la tabla `cfg_caracteristicas_fisc_comp`
--

INSERT INTO `cfg_caracteristicas_fisc_comp` (`id`, `id_tipo_fisc`, `id_modelo_fisc`, `id_umcapacidad_fisc`, `capacidad`, `estado`) VALUES
(1, 10, 1, 4, 2, 1),
(2, 12, 18, 0, 0, 1),
(3, 8, 43, 0, 0, 1),
(4, 9, 10, 0, 0, 1);

-- --------------------------------------------------------

--
-- Estructura de tabla para la tabla `cfg_caracteristicas_fisc_eq`
--

CREATE TABLE `cfg_caracteristicas_fisc_eq` (
  `id` int(11) NOT NULL,
  `id_tipo_fisc` int(11) NOT NULL,
  `id_modelo_fisc` int(11) NOT NULL,
  `estado` int(1) NOT NULL
) ENGINE=InnoDB DEFAULT CHARSET=utf8 COLLATE=utf8_spanish_ci;

--
-- Volcado de datos para la tabla `cfg_caracteristicas_fisc_eq`
--

INSERT INTO `cfg_caracteristicas_fisc_eq` (`id`, `id_tipo_fisc`, `id_modelo_fisc`, `estado`) VALUES
(1, 1, 2, 1),
(2, 1, 5, 1),
(3, 1, 6, 1);

-- --------------------------------------------------------

--
-- Estructura de tabla para la tabla `cfg_caracteristicas_fisc_perif`
--

CREATE TABLE `cfg_caracteristicas_fisc_perif` (
  `id` int(11) NOT NULL,
  `id_tipo_fisc` int(11) NOT NULL,
  `id_modelo_fisc` int(11) NOT NULL,
  `id_interfaz_fisc` int(11) NOT NULL,
  `estado` int(1) NOT NULL
) ENGINE=InnoDB DEFAULT CHARSET=utf8 COLLATE=utf8_spanish_ci;

--
-- Volcado de datos para la tabla `cfg_caracteristicas_fisc_perif`
--

INSERT INTO `cfg_caracteristicas_fisc_perif` (`id`, `id_tipo_fisc`, `id_modelo_fisc`, `id_interfaz_fisc`, `estado`) VALUES
(1, 3, 1, 1, 1),
(2, 14, 3, 1, 1),
(3, 6, 3, 1, 1),
(4, 3, 62, 1, 1),
(5, 7, 43, 2, 1),
(6, 5, 61, 1, 1);

-- --------------------------------------------------------

--
-- Estructura de tabla para la tabla `cfg_configuracion`
--

CREATE TABLE `cfg_configuracion` (
  `id` int(11) NOT NULL,
  `nombre` varchar(100) COLLATE utf8_spanish_ci NOT NULL,
  `logo` text COLLATE utf8_spanish_ci NOT NULL,
  `formato_logo` char(15) COLLATE utf8_spanish_ci NOT NULL,
  `frecuencia_suspension` int(3) NOT NULL,
  `dias_proximidad_tarea` int(11) NOT NULL,
  `id_modulo` int(11) DEFAULT NULL
) ENGINE=InnoDB DEFAULT CHARSET=utf8 COLLATE=utf8_spanish_ci;

--
-- Volcado de datos para la tabla `cfg_configuracion`
--

INSERT INTO `cfg_configuracion` (`id`, `nombre`, `logo`, `formato_logo`, `frecuencia_suspension`, `dias_proximidad_tarea`, `id_modulo`) VALUES
(3, 'UNIVERSIDAD POLITECNICA TERRITORIAL " ARISTIDES BASTIDAS "', 'data:image/jpeg;base64,/9j/4AAQSkZJRgABAQAAAQABAAD/4gKgSUNDX1BST0ZJTEUAAQEAAAKQbGNtcwQwAABtbnRyUkdCIFhZWiAH4AAHAAsAFAAkAAJhY3NwQVBQTAAAAAAAAAAAAAAAAAAAAAAAAAAAAAAAAAAA9tYAAQAAAADTLWxjbXMAAAAAAAAAAAAAAAAAAAAAAAAAAAAAAAAAAAAAAAAAAAAAAAAAAAAAAAAAAAAAAAtkZXNjAAABCAAAADhjcHJ0AAABQAAAAE53dHB0AAABkAAAABRjaGFkAAABpAAAACxyWFlaAAAB0AAAABRiWFlaAAAB5AAAABRnWFlaAAAB+AAAABRyVFJDAAACDAAAACBnVFJDAAACLAAAACBiVFJDAAACTAAAACBjaHJtAAACbAAAACRtbHVjAAAAAAAAAAEAAAAMZW5VUwAAABwAAAAcAHMAUgBHAEIAIABiAHUAaQBsAHQALQBpAG4AAG1sdWMAAAAAAAAAAQAAAAxlblVTAAAAMgAAABwATgBvACAAYwBvAHAAeQByAGkAZwBoAHQALAAgAHUAcwBlACAAZgByAGUAZQBsAHkAAAAAWFlaIAAAAAAAAPbWAAEAAAAA0y1zZjMyAAAAAAABDEoAAAXj///zKgAAB5sAAP2H///7ov///aMAAAPYAADAlFhZWiAAAAAAAABvlAAAOO4AAAOQWFlaIAAAAAAAACSdAAAPgwAAtr5YWVogAAAAAAAAYqUAALeQAAAY3nBhcmEAAAAAAAMAAAACZmYAAPKnAAANWQAAE9AAAApbcGFyYQAAAAAAAwAAAAJmZgAA8qcAAA1ZAAAT0AAACltwYXJhAAAAAAADAAAAAmZmAADypwAADVkAABPQAAAKW2Nocm0AAAAAAAMAAAAAo9cAAFR7AABMzQAAmZoAACZmAAAPXP/bAEMABQMEBAQDBQQEBAUFBQYHDAgHBwcHDwsLCQwRDxISEQ8RERMWHBcTFBoVEREYIRgaHR0fHx8TFyIkIh4kHB4fHv/bAEMBBQUFBwYHDggIDh4UERQeHh4eHh4eHh4eHh4eHh4eHh4eHh4eHh4eHh4eHh4eHh4eHh4eHh4eHh4eHh4eHh4eHv/CABEIAgACAAMBIgACEQEDEQH/xAAcAAEAAgMBAQEAAAAAAAAAAAAABQYCAwQBBwj/xAAbAQABBQEBAAAAAAAAAAAAAAAAAgMEBQYBB//aAAwDAQACEAMQAAABwGH9DAAAAAAAAAAAAAAAAAAAAAAAAAAAAAAAAAAAAAAAAAAAAAAAAAAAAAAAAAAAAAAAAAAAAAAAAAAAAAAAAAAAAAAAAAAAAAAAAAAAAAAAAAAAAAAAAAAAAAAAAAAAAAAAAAAAAAAAAAAAAAAAAAAAAAAAAAAAAAAAAAAAAAAAAAAAAAAA17OpDihiGQAAAAAAAAAAAAAAAAAAGIZMds6BgIM8AAAAAAAAAAAAAAACIk6/3aCglhn79HdkBObsgguGjf1sOOYw0vT9Fn5PvplluKqwcvVwZHURvtab3GfQYyUrGXv+lW2ooLJsq4LzspVmzt3r0xHFoaSyK26WRWwWufpEvVzqt9Jol46vEYnXgAAAAAAAAAAAAA7lNcLElyraNmj0/wA1tyt78dtctJLm2fl5ddTlemQ4u2LdBGudVQt1R1eYjrLWrPe089wd8dh9fSx6bgfoVYs9YxmlhJiHmdXnpqsWir01nxz8BaZsXDRZsMrpKVxSkXuchJ9qy5m+ge2R8praGl69OW1X0HuS1MVsqGPomF+g+Tdlxum+er/B8K+07q22DnQAAAAAAW6o5uRPo3PK75uU+EQn0L57vKVv0bCw6ffNud0vUZJ8nkN/nuY9uBLumo2+o6vMRtnrFkvqawx0jF4fXU4y9Lwf0GrWirY3SwxIbDNx6xb66bAXHzry2iYZ4UF7UYuTjPVfNbBZa1ZcPrwobyvxF2q+6xc9IfNbDztebdWjpPo/F383n+xyulOVdn0c16+fPx+gQLIAAAAeB688OZMQTv0L4/YZNJbvhP3+Mvcz8I2TntrNjOvbjV0Tt19tZdZsVXt8mPoKtauG3qqR2ecfoeJs8ZFoj/srH2xKu2tWuqZXRQ0zDTOwzFsePLPR/XgPdWzV3lTjJKM9V82sVkrdjw+v9FDeMcikVGI+g0X0PDaOrlW9d9ir9Blc3c2xDyWa0V2p3ZKvwq+wzpb4DoAAYa8qvZV9gyotrv6KZ5/uNPrpXzfLhRbyW3dPHX8zDMjzVu5lI809MVZs9ck+zyKz4vyXj4bYwPoWNCulbZZ8m2r6LOz2VfWEK376Taaa17OHp6cpqIbo7dV3S9flDWMK+KG6XzGigteusLKtt2dRkYE6bzzulNZ0r289cSR8+qv2n57cVtAGvzwukSRS1qqrjed++fWJvvb28/0LPXVLw+hqO1+d5fQdgfPvbDWoNi4ZDnVyirJWvS8D+l93yL7bUufnzy3VGk3Ex5q9qe9IhS8eTp0PMYcOed2m8/ReKFtcd8rpqQ0VbJSvVuwuuq8B75vcgCuLBX/U9vPVs0+X+g4c3TzWlbSRvseAAAAALPWDar5lj55zt9+zz1p75y7OP07ArTVjaunmHEPpvzL6ZEdna1IcHn22055oFjjjsHbZXkpaU0Br2Kq55YCya7moof3v45ybnHfpL4j9mhs9d/MeqO7qjSdWfNnUPYac+KwZx+kVf7HcVGn86WCk6TLZ3vxltRp9w42VVEb3IgABfM47swWv283Tzc7SRvseAFn3w36iuPIFZExgAs3fVrxlb/yXh7HltHXPnv0P556Ngwmsi0tqrd+nYOhs56B2astpchW2gxCe5rP8/tabcKq581bvO85qva9V9RwX6I/Mtp1+TtlM+/fIM5qYvDD2pssd/N9lsY/b83sPwfRY72+8/XS3z33HJafRB2n5vtseGmo9muycDfYoOcn5yifSMzecmjbqqLOkje5AAufvu/AbDzzr46i2g4K21L1DzwHkPpdCumau8bLp6KSy+YQ5vsmCuCwIVDXPPVUTs9mFxp7KrtO7K6tJxt8nV0PWNe5l8I0sA85+nDqeCmXiD2eT+ifQvzH+lLGn+OcduiM/tbzYJL4ZcZCoTEFfXnnvmXnu4aN/J3mdCttS9K8+Cxi2zHoxpptPFzCXyh22vldeOOWT0dJG8yQBdPeLqyl90tHBGk8sIbLMgrlpuG3Vl7br+Q98VeVwTGgASae8GP0XVnLuDuU5SqmdfaDL/RmVQ1F64+LM99K22AAAA0cchyS4dIvtO3+iYmZ+tfNfuOcv4P8AN/1L5ZpMxZJ3k7MRs8vSmt/ObdulwqtAnqHn46O8u2vp2YbUfOHvm6y6egSe3V2cWO0VLGzzgAAAAB79Dp11hOyHJWazVzvBoawAAAC3yUDPef7O7Ua9biPhxRESxIu1Isfp2AaN1Vc+jnQAA84+3kW3W+rX2bLP3T6j88+htwfz3Vuzm1FJfsnvlvo3oYf58cePQ5+pDeZFZa1b47m7Zz4+bbuLhLVVfS8GDyLrjw9ufs6aNBWABPdTK6utGoK4yxdQHS4U3bYYy617jlISHeADs5L1DkJCYncTqJr5laKYk9yKa+1/VPln1m5oev5J9i+XS4UQM3qwAAcvVzKRD7cM9HXfSr1TrjOzn5U6+OQ09Taerk6/KPSfcctaV6YG1fONvjQ0tIsFfI7alVR3Z2CJDQL5K2GjfQYD1BE9kAubPdgNhrwkNVNcaqJ9G+c7/EBc1y0VezMqquzV1r5skLRXqmwrwua5d6ROxXfpNe1ynnu1mKtOQjbgQrDyTjTjX0SgbpW0p6+Ke9AABzdPKpHJo6ea9jfV7bU7ZbZD8qdWOjTVl07eff5T6Rlz9HGheVEttS9L8+CwigAAAAGFqqtpjrrIkIALruy3YTVeaur2rtNfzu0VfeY4LOEsNeszKqpOQf1NpVj+OT1TZdCxjCZbV9S21f6NiNJQOT6BFRJtVd8fXWfrV38Ul56h2NVgKm7AABx9fGtvTzdPNeNfYLJX7BbYz8zxU/AaWuve/j6/MPQcufdu6mpwh6fgAVwvu+on/O30Yw985fQ+GQxShbQcLTVrTHXWRIQAZ+63DZh4AOgAs9YszCq3ZqrlxYSGgBcal9BprLC70e8Y7SUCY4MoVjZZKkeSoV84Kj73m7T6gWQJWAAGPF2czrPPz54Xifs09CzVpivz7VLdUdHX3HviZXzzc44OGbCqY3eSHdzt35+jHzHe4NqFO5c8+iyrPmzLH0nDYWmrWlhdZEhAAAAAAJ9PeitS0Kyr30fQHQAWWtG1fVej5Fd83c9wxWzAAAAAAAAx1btTjcS78LJH2aS+KZzM9E1C667Njjm9HTm7/X5nqejxaRWtdHS2rYjuHZr2ZjSgleOjp1ONc0fKYabORUzp1ieR1bF84UkSqNSQI1JA4tnVmy75Cz2xpdRytpwqS2gqXts1KTXdP2uhzINQ2WX6HzvxeTl/Ic3HIzWiA6AAAAAADz0GPmY5j5mDD3IHnodAAAAAAAAAAAAAAAAAAAAAADK70bGZBv1M5MupCFYAAAAAAAbMlJ0t/hzS34hqbsw5nTznfHS6nmdesNDqBymaVYM3eYOj3pzOnmT02bOnOy6Q5G7Tzo6jnK6eYDMrmD3o53mNvO6nRmpHI68A53Vsmw+EzgzcGew7oZ7g5m7wNTN3mBsQrW3ae8DigDh4u3i1uX1ykXKSY1StFW6retsVXtFXjPSFg5OessIrt1bLat4Jrhnoz9S36NtrXzsLYIeostFirFj7yM5+jnlMcVh7KzEkTUD1dEhi1fNvo9JrrDTbePSnsxS7pS2nttlrkxbVUJh3TnFbKbPwC27vES8RktTtrdp0aKgrVjxkFJp8lyT1lA2VuRl6i0hfLbUu87ob3Va11j36M6W0hOfbcZcfg4Zyr1lhotlesXO+DLaUA1VO48+hoqrbMep5iucFvPNcdXvGgN1BvmuFM4o+x4d5XJfdudap8xL5yY8VGWXBPa3J9fahyvc9n8dbruyX6+FE32/JfOKqXvlOVmxbttfOUy54NudnN75U2VO6LLo1maxp/wBA5Y70T0d3SnvBolsIM2IkOjLvKZLSizr+ONtUaw9C+2M81y0n6Jq53h6Ov2FKpvXY+Oyg+VS+YNLpthk8GHshmdGADFSMnKlRupr0871NLndzm60qxasFo6GXM25vYaHEdTm60Kxc3WGLXqUnpe6kL2PdaVZsMg9YZ86MeGTm63W8WrUpPU17GXjTvWjxo3qSatzbnjl2vs7XuuM/mwzAwPtZsfG15tWS0ZsCVZscm3AQsAc3SfYp2cy2+Q5tHTFOtWGBlIttchyaZp1uM3aeeSxIRljrkaRaaf8AQ6XBlblkqchnt57RVUL3nBMibunp5mnbHW7NVK+btmIGfdbjZ2CnaS4Q8xDp7G+TULq83v2a+U5ZOqPkMfqYbGdoOhpJXtmKwpGm31yfbXTOnk2aCls0ZY6rnrvOw1uZear3R2zvFRnP08zLnHMw04FddyygTeZ5/uAbcAACKS3l1TwfBa/JcaJiLcUjTXbXg25V5vud5WuC5pDPTS7Z5V2PlfsXqVVbOyZWdfWpKRR3qj12PKVGjoG34su0+alvXEUaTsh1v2HmPaC7qG6z53lPWcLP4hUXKlNbKZc0ljpoN3xfYq/dNn2an0WP1SYaHuDvKlMyptym+XTyVH56pcsoMulXHPxl2LykyVeCmtwAAAAAAPMZUbNnGrb73vG251o3vdb92R0nLia0d2RpW1y6HGpFoIVvaeTipFq8ac3I7ofZ6WnlSqQECacWqzr5J55Bl5OXqVw5tcmP2sOE7Io7v6nIjkqkXH2sP+OfYtGx7HBINWlbfW07mnQiygAAAAAAAIfXK+bLJYU+Z121ZYqjMQ8KZPcEfZ1t1W01a+d5Ve7m432Z2p/Q6JBm2OGs9YQvr17OsIGRi5m0rsZOKlKuwrkn1QFlAtO6LlMTr6PPwEtvMX1Y7YatsNd3qVgaXT5zfX7Wut1VtsBUWmW2WhOdlavaK9Nh+2ON2xn4rq49dtWzkfZIKntOjXH2l5qImPPc5fBT24AAAAAAADPAcrsjItBR1/TZj7OEPNocmrWXYcRVuqfPN9NQsyBN8hJwEVE2tMiQO+XNuVXvm0hivc9pBydZQXdU6rC0VDHw9oNOw+yUMuVT21JUfGImVXZa4uYBpqdyToVUmJMtMLyWU2vhhLSUmAnytsQrp4AAAAAAAAAAAAAAAAAAAAAAAAAAAAAAAAAAAAAAAAAAAAAAf//EADQQAAEEAQEGBQQCAwADAAMAAAMBAgQFABIGEBETFCAVITM0NSIwMTIjNiRAQSVQYEJwkP/aAAgBAQABBQL/APiQR2hvZxTj/uuVGtaqPdxao/8AasX8EGvFm8r+Bu5y8GkktHnWiwBde4rl19aLOtFjeKOMdGN60WdaLOtFjZgcaX6TvVojShiN1os60WdaLOtFnWiwUlpMiOB1KqqqThq/2rBeJ68vFm4j0Y1XKpN2r6t5P0sPVyv9DD+ruX3Nj6HZHM8BXuby5/vu2v8A2sk4w3RXth//AIf7Ur12OVjgEQrCkRiFIr1z/hSYD995fTsPVyv9DD+ruX3Nj6GVvk14naZg2iNkfi+GeMAp+jj5MEwJMiRxED0QMDHGPJrCEi3P0RBLqj7pU1Iz4c1st+Jqdj9bMR3H7/FWrKjuG3UmcUyR62RiqJ5Hq9dyvVd0fsN6Vh6uVvoYf19y+5sfQys82kI9GTCNKbK9vAGP/Sx/fK32+5URcuF+mMqdHjWoQhyOMcT3CJUwksFk2UGvyPcw5OXVX06Mdx+/s7I+ktfCLnhNfl4Bsey3DXyxPzuAnBm83pWHq5W+hh/X3O9xP9t2RgOOQCJuf+lj++Vvt99qJzhAmSwNhSGSRMRUkbquwfHoxtzSmUMzUlpEWFNT8fdERwDAKw4c2yj8C7h/nBp541OLk/G8vp2HqZWr/BkleD8Ymp/5LP8AbZCCwudELGwwpjReW5/6WP75W+37LCHoTKaTpMbzNgoDg7OD/GcVa61alhSiX79PM6YuWMVkuLLjkinxn7J541OCYBvav4ns/wAfIp1C5JYeEqSj2ZVpwlhZoBP9tlZ+naX07H98rPQ7FTJ0PkpuiB6iRaHalW1qt37NGyWHpZv2uOcc45xzimVtmsdAGEdtpXRpo5NexhmQ2tRR6Nw2ZxzjnHOOcdx2JkkDgLvCN5iRQsYP/k/22Vn6cc45xzjnHCr/AB2H75V+h2vRnCQJwD7nve9YU9wWpYR1dzg6ao7Un7TjbzmfjvXFXFdgdRndNLwrSizXmtM4K1yq5+9c4Jj105rTNedLMx4JA2NIxdyrjYxyo+qOueDGxtQZMZXzEa8RgomOBqasQWR4ZXN6SbnSTc6SbnSTc6SbjoU1UdWTHZ4TIwdfMGhEILOYmITjmvOYmaky2bwN3MXS9lo6zY2bHHkc4jt1JnMTOYma0zjudlm1zS5snJ6e7zaxqrW7rVeNi3sdk70soWcy2zbeTyqjGI5ztKDbdHICJ1UrOqlZ1UrOqlZSnIeKxdz8sCPZRdTIzqZGdTIzqZGdTIzqZGdTIzqZGNly24C5swrXW8NxDWjYrmX8XOrppSup66Q3aWsfEDvhC5cBkKM9u6mSU5IWz1gVYWzsaO3hRxs8arhIl/DxC005bSodGa1eOOwwueNUVFRVRaiY2dXWIOpgqnBckrxVm9cfk1f5c2Rj/Xm183q7XKgHkjFKTaEyGuOzZ0yBuVYoiphMs/gPt085jUMJ0c6ImN1MdMlSjg3zJ42YaQc2/YmKqSbK6lNkmLIkYg0zSmaUxWJmz81/Nto/SWK45Mso/MZmxlj00zNpofIl4P64jN7sZwUj3K9wRvMWDHbFibSWKV1dkCK6XIJpRK1UZLXzXsReC2So+W3CZZ/AfcjE6ynYu5jXPNND08nu2Mk65V83Rb9sD5Han5DFTEVWOsoiD3bLWqWESdGZLiyAvAcD+WRU0PTFx64RdI82XgaWyDDAG6sH2U+OEkgw2DjR34Z3Joe4DudRMwmWfwH3NmXolmzUmJlOmq12wAJsntEMhX7Oi6KdtSnCwb+OygFzbO/LzrXcqY1dC2MPkZCklhyqmeGxh7SV/UBwa6xtXFXc5dS0kBZspODW7V3HXGCN5igEOEDH5fO0xe6gdrijx+WfwHZCgxH1/R1eNgVblk1DkD2QicmZYM5dkzNnWo6z2te3qOxpK5kWHChrEI5K+XMtfFWt/G9fxVMSvqUVz371TEVESwi9MSlsi1kyKcUmPtHWcl7VVrn8M48cKuQoxZciFGHEj7YXPDGtc90WOkAe5GKUu0Judc7hscQm/Z43IuVYoSv/ABZ/Adkb4Jjc0YEhIx70A49n2XPzDfxQcRvuD8+f2s5uqJYs6aASUarG7y31MTrJe0svWRqeXY5M+lWSgPjm2Xt1r5Ko17LuudBOJyYqKNBMcUlRAZAj7U2/h8dfNa2P0YtzsrXIyVv2ZEhby3D09pvsXISUv4s/gOyJ8GPcTNpf331w+dPsH67GnrHys2isgRIvbAhiUXVgw06O0cC4K6wn1jDx2u3MY8xTOHTVreLndq45MMHqQ5sZa81kuOOVHnRiRJKqq5s3XcgVnMHAhTJBZcmmjtVyqrnbn4d3Jod9EmiHtKmqXvju51Dln8B2RvgmOzXgBElHvDjkWe/ZpumbR1vMy8u2iCYpDE7mMe9XIrVpwPYymsXwks64c4fFyOroo62LMkEmyU71x6ZbM4vAV4TVcxk+DtVIYWbTRVlz82xsernhG4xlRrG7yZfu0xt8dvL2es28yi30DtUbLP4Dsgz4g6/xCrzxKsTJVu9weynr0DBubB+q0f8A5HdXrER/mjH5asalAxPprbAkEvSxnybae+bIRPsuwrOYHNlLVITXuV79nIfTQb2Z0NWvnlIzz3rjWKY20Jufc75reVFa3m0+/Z83T3JWck1l/X/tIiqtPVLGee0cI9/Zx3p9ioeroRPxb/11q+VVXMjNdfO666gNkDYvH7LsVVa6axByoLfOrB1M/NvpP15AajK/e/K53Lk74olPJtXISyqW65q+S77R3MkWP9f+1XTTQJAZwbFklywsc5z3fYpVXCfi2GQlHWwA1wbSwJOfp8qSesUu0EDpyITEXvXH5aJ/NFbpDsi3jYZtWbnXucOGJvfkh3Jod+zTUW3bxXGP5Jr0PT3G8LudRWH9e+5EelvGVHNd3xoxpCxgsjAjRjTCSZAa+HOmHnEROG5/4peb4YcQzjmAWJN735Zt+lE4Jscnnk4nOmjTU8jtR03kzaB2kG+hTRBa7Hrm0aan76R3EM/+u9kOrLJi+CvzwZ+LSz1G5Fa7exzmP2gRplTuThxjyQSMraksnJ1jGrR7Wu/jb+Nz/wAVbmvrs2gIhLXvfk7zTNj0/wAfH/tATVOZiblxg+ee/P1Fxvg2LI8PxSLnikXLKwbLj76Y3ItbRnKouyN8ExuaM4K109niMHsjfz7NJujAfILOjxxA37IqJkuxuSnyGxOu2reinT8blyusCwcrLVs2RNEoLDvfh0/lzZJP/HYv5q/kmYm5+Vz+VI+2uXZENR9kT4Me5+VX1WXZQcFxMjjUxyw+gW2d9G+tOAYG6dNQ3XbbSO1WnbWO5VptMnCx734Vv05sp8Xj/J0FdM1mJ+MJkl3Joftrj147K9kT4Ni5qx7sgO5buyg94mU7eM/aoT3unlQ0rsBR8yvpa+TGtLciPt+2tYpLPadeNh3vwi/xZsr8XkxNMsa6SPTSZu4mbQO0h+2uO/qvZXxznomwJ+dDOx1fKZlrNB0/ZQcOKZRwGRqu1uFmi7KceqZHPIirSTTTQKCossPQPTCV1gLHNMzOLsBCmyFhRAVMeQV0mV3vw34zZpvCny4ThbY9dRW4uMHzz3x+ouPtrjv6r2I5yZzH5zH4vn3RP4NnQOQZpUwJAdtSxGwH/iJ/jbMsZ5AsJ4MFfyExm0AOHj8TDX7lySeRKf3rj8kIrX5s78Nm0TdF3iORzW4/K93KN2Q9ESnSWmdUmdUmLLTLZGHqNy47+q/dvv8AGCncNusgWBjhciudtCqArW/jdwTOCfadj8kI5p82f+Hza7+w5Hc10JmPyU7k0PZPZoc1uac049uMZzK3cuO/qv3KQQxIcpDn762dJJJhMQU6+kJIn/ediNV5HuVz8ok4VObYf2DK9U6BuEzaF2ke+vD1E6c9S2Kfjc/KpEdPcitdi47+q/brq1xm205JbvtV8g8377sbx17qpOFZm2Pz+VHtm5oa99xXmm2Xgp88FPngp8qYCwJw28E3rjXcotjUqaf4KfHUx8SEr6TwU+eCnzwU+eCnzwU+eCnzwU+eCmxKZqNZCp2PQkKPkxJk16QFzoHZ0Ds6B2dA7G17nOLVmFnQLnQLg60hXErSDdVDSLJZx0fdXcrUzTjZEpreqmYZvOIgBYMbWYmKmK3NGaM0YjcRO1UxW5oxWYo85eIzNGaM0ZozRmjNGaM05w7l4o4ThXNbJEaIUaEOSIENRBKR5z/6PDOGcM4ZpzhnD/0kcpYxhXMI4lta2OybKNNN/wC94JnBP/jmMe9XiKNGCK9FEVHvCViMY96vGRmKA6IgDqioqK0BnIgDLnTSMeIrE6c+dPI3I1zk0u0ta5znhMxGgO5FAdExjXPVwTMaiKq9NIx4yD3pHOqOAdqY1rnZpdpxY50TGDITFCZHdNIzppGck2skWx5ChmKzFa5Mc1zVYIr0c1zXIA6owZH48ZB41rnKjXKmMY96vEUadtj7Gk9tdelG+JhH6eRb/G0PoQPf3bP5o7ubHkf5dttB5mFBKQddGfHfZ+dpLryRx1BCSRkeSxmkiSYx5OtYmz/qX3yZIckQq2S+SO2fog1zuVOh+8AJ5yuZKgkARDAyy+SlwjRMgFU8UxTz5BASoa1p+oSD7/Lf2cBqvojxJAWR4xpCNE8NNGjPPgq8rSzpCxowosmSlaYopN361SfmAsvkL30adquq50h8o5YsmMkIyyI1yTTGpyaJnbY+xpPbXXpRviY0d52rKR1VQ+hA9/Zj5kGoLogUjP5b/wBWKS1QER0x0ez+UlTJBkggdDDNr381k2UJSvaWFs/6l98m3yi0/nNtlUs2/ByjQH809P7+2anhtS53SZZfJS5xpbUE+NT0fqzUatds8q5B9/lv7Oq+ItPZUftJnx0B0xqxyWynvvUhe0XmNS79ZzCwTTSMLNvfRrVVtJT+/ZxXHq5cmosq4veYyx4td2nGpo0CV0yz5PUvaxRQqBVQ9nHQEih9CB79vBc4lAtaPRCv/VjTxCBDlDlLY/LXQtY6YqFCGZIjybSUOQ0Q1FV7P+pffJvsk6ekCmMYeZIPBlCFs2/UsEyR5M+b1DYQ3Bh5Y/JvKXVpa9I5SQZU6chg0onCEF/KkeKCy44dFVfEWnsqP2kz46BJZHzxQOXsddESwaKPDKeRZXnrkB1MJv7Xvo066axyPr58uwaSPWkKKBFjlkPkwpIBVb9cHtOABljgCBzeCYNgBY5o3sHoEjQxWOx4Yr3LhGALnTwsGwAseKK8nkqDHGEphBNgo0YarwcomgDhWRzP6aHnFqtYwIs+lWxuTGf08LGhjsdueKK9+4oxFQUWMNUcqO6eFnTwsIgiNTQ0StG5GNENn06OnhZ08LFe5SPiRXqNgxteMBMXhjgxXPegyomhoiNGRrIkVirpcjGBG3gxWtYEbf8A4V6o1vUBzqA497Wt6gOMKx7nlYxeeLcV7RPQ4lVceUbHFcgndQHOeLETOpicFwj2jzniz/hHtHuI5BtY9r0XyaxzXt3Ecg288WKmEe1mdQHBPaXcQrBvx5Rse/6MGRpN3UBxhBvxfJXuRjRuaRMI8QsG8ZccqNaNyEaQjB4rkQQ3I9COQbWORze6WFZEabCJFHGgPOO1boiwa9kiLGgijltvdPq2oCmI5D33yR65jA0aqq2fvreI6TJlgdGMyrJwuZCuL4S/TUHVpr31Y1cw4Kh6tl3vqp6dpqPPpX/yT/YUvt9157SNA58erI8U26/aNWDJFhxRRFy4DrDDnNZApw6jXL9MeFxjT1/WABJMmwhpGZXvcSFdvXmVmoE85eRHiR3zCEhSQHtfODR+2u/WisaWrgPWLOnvWXOYxoh9977Gs9vcehGjSCAggMIlt7qUs8QawI2R775KY6cNK8IxR7P30r3Vz75vpWCs8Z0kyMrVvb31HOmjiVAWNFe+qPhornc2ykvaC4sU4QaX2+689pW+xncfHbr9hRJLg14yCHicMlC5MhoumHO4Htb7S+QwnOjwmndJXmGlCE1mAIki4sncqzt+Hh1L6C8ES2RUhUftrv1oXsLkSK2mDwZ9i99jWe3uPQh2L40eNZKY1t7qaLnwKYuk998lYi58WmLwfZ++le6uffN9K3jqrktZCCqY7td76scXPq6ovKl3vq2D+XWQoXPDOh9Mx7+bRxpRo6Rp8ghsvPaAnlDHqgvfIuv2j2bwx41gshd1p7+WTkngxupfJr+UCofqiUvyF0L6hSf/ABEGJ1LZsLpxQtMmsAY8A5iGnyHga6JGkGhFKQ0+S1rWMtvj6n477C+bd3BucETPLNS8U4IrvqX/AKnBFXguKqqq8F3IqovBmKqqq+e5eCq9dauXVv8A+cG5wbuXzTg3HKrl8lzg3OCb14Liqq55bm/TicEz/nBN3/Pwn5z8Ji+efjd/z/n+oR4xtcnBf/bOVrGOIJgeDdTZ8Fzl4oppcQL/ABCFg3sIyRIrmySJod18LAlEdsiXEAfxCDgJEeRiSYqyzGCAfiELAkGZhjgA3xCDgJMY6mMAGJPhKu4k2IN/iELGq17HvYMYJUY78PJjAeKZEK6QQUYfiEHPEIOSygiPY4bx+IQcFLilevkp5MaOoiDMP/nXwsCUR2ulR0lIeOth9+0e1uWMlikmn4QnBckUT+aG097aQ4wQUnHVY++2g18utWvVkGG6MYsEcuwiCQ0iJHbHwXz9z7WvhRzw46rDsrtFRkWJDfEjxwBWcqeLEjw5Yo41DHyf721jQhjpU/xLp+kGl0KW1HIWI4KSDwQSHTRtkgsYzYzxwBuFfu5jonxdcEZ5dnEZHyC9TxjNdYWlKTLfV0NasBRwYboxpEdiWpBoO/8AvnAA7TRYZGXbmJhpAHVlM/jHtPez4ZIb4PJ6Sx99P5aPJWje2qcUc+L7qr98v4F8/c+1qfj5/wBVltAvFYtYEkWNEDGyUyJIfMhOjsrDOLGyf72bWIBKk7zis3oSwtpIZKwn86IaNFmPkgLDKFykjXvqx/b3X6xPi6b3936EB/Jp6qQOMWOUYbM+lgyVjHsqlIywRo0LpGhP9BrVc48aRKsm1sNzquPMFMsIsl8q0CshKkUoT50SU6ZcBWSgizYiV8QyHi+6rospktfwOLK8cswlLGEO0G2thEEa0AYomss2shtm86fFOkspJsxsQHTgyZElOlyHXEltTHNFZDryPIeuByKgZxDWPLhGeyZPIxrRsuI5yvE1zBWgDFZHGRsAcaeN/STzksQl6GPWj5E6vVrpYCSYASzoiV8UySP/ANk//8QAQhEAAQMDAQQFCAgFAgcAAAAAAQACAwQFERIQEyExFBUiQVEgMlJhgaGxwQY0QnGR0eHwIyQwM2IWQDVDUHBywvH/2gAIAQMBAT8B/wCwmoZx/so7jDLIGR8c5939amrgblJGe/l7NjzsZI1+cd2y+VMsOjdnHNUFdUPqGtc9XGR0dM5zea6xqvTKuFTKyjje13E4+C6xqvTKFyqh9sqhu75Wujk544FdY1XpldY1XpldY1XplMrKh9HIS7wX0f8ArB+7+o6VrHAHvWVVPIqXuHPJ+Kttx6XDn7Q5onHFXP6WRMaWUvE+PcrA1wt8ZdzPH8TnZ9Ivse1W360xXX6q/Zc/qEXs+CixrGVdOiZb0dW9muoa1GwU/iU4YOFbLXFVQ63o2hjYHRRnmrWBHXuZ4ZH4KR+hpd4IXSp3u81fkn3UOwIW6iVFcXa9EzdJQOfLraffxFq30reGoqcHeHKs0xjqgPFXepFNRyP9XxUELppGxt5lQRCGNsY7uGz6RfYVtOKpn3q7H+Udsun1GL2fBAZOAhbqo/YKtVqNOd5JzR5KTzirB9WP37Ltb3wPMrfNKgvEgj3MnEcvXssjW7n1qrpm1Eekq3TmRmHcxw8vKuNBrO8jVRAX/erZaqkTtke3AC+kFXV1M+5ewtA5Dx9frX0asT4HdKqBg9w+azsu9KaiDs8wuIKlq5pm6XuyqOldUyhgV/GmBoCg/ut2u5J/nFWH6t7dj2NkaWu5K50PRJcDkdluuvRjpcOyo7vSP+0o5o+mZjOQ74oeRcKs0sevGUb+4ngz3qnurpZQwjnshIkaHEbHJrtQyq6vdTPDQMo357T5qoboatxGjGPWq2qZJKewEHs9FUV03TgwNACmpoqpuJArhSU9GwSMbxyuvZvALr2bwC69m8AjOw/YHvVNdjTjS1vBMvTpDhjF1lOPOiKutXHVRDHMbKenfUP0MUkTozhyikdG7U1Ut3qA4bw5C60kd/biK6ymb58RwqeqZUN1NVTCJmFju9TwugeWOUTyMOHcoJRNGHhQ8OzsldgJvYbxVbUb6UvXFx4KKDoFIc89oVFLvImuV9/se3ymuLTkK3VXSIgTzVfTMlhdw442Ne5ucbIsZ4qgp4t2HALSFgLQIa3s/aCKuVvFS3h5wRDonYcrXWbp2h3Ip3A6kHcF5xV2rNI3LfanuyrRbN3/ABpefcr5Lph0+PkWOXVDp8Fff7Ht2sppXjLW5T6eVgy5uNtikw9zVWuxTPPqU4Afw2AZVFT05BfK7l3K0v107dsH8xVuk7hw2EK6W4TjW3zk06Tgq2V28G6fzXFp0qtqxSx8OalkLjxVntmcTy+z89l8l1TBvhsxw2WOXTMW+Kvn1f27bMMwBTRNc3BTxhxGyxj+MT6ldLgwMMLdoGThGmjYzUJRnw4qz1zIf4bkDlXCpLBuo/OcqOnEEYaNrhlXqj0nfN9qieRyUU53Alk8FU1DpXF7la6PpU3a5BAJ54Ktl3s7nbDD/KiT17KKXdTtcr0f5f27aC5xU8WlynvjC3DBx20GvBYzhnmfUpXAu4ctoQsUrow9rgVa6KN0LmuXSJLed2/iO5UNM4nfS+cfJqoRLGWHvVFAZahsavE+kCIJ54qzQbumB8eOyul3cTnbX0/8hj1Z218u8omu8qINJ4qskiZhkP4+TZH6qTHgVS1baeI+JJ4KKgdPmSo5n3KmldSydHk5dxQcD5Eit0OKyV3h81dTmpKPNU7dMbW+Gy+S6YtPjsibreGpwaY9KeNLiNm81UWnwO0McUWOHdt5jyKWJs0oY44yjUMpmdHpRkq0UrS3ennsvnmNVmkeJdI5eQ/kqVmJJT6/kFcDmpcgo0Ve5dUwb4bASOIXSJfSROeexruwW7bM3NOE6IEK5wthnIbsbz2PpBHSiV3M7IdO8Go4CbHDFSl0XLCtjdNO3ZNCyZul4UMIpazQ3kR5D+ShGASqs5nf952RHITzwVZLvZnO8octtpqI44AHOT7hCB5wVdUdImLhsbzTBl3FTTuka1ncNjGl7g0KpiqaSHRnLVS3KKNojfwwmVMT+Tk+ojYMkqF/SqreN80eRImeaqr+8/7yiqN2qJp9Sr5d3C522G3TTN1NXU9Sp7fNA3U/YOXltTZXMBA79tqjc6pa4DOFcjrfHF4lOp43jDgn2mnd3JtnpweSZG1gw3yJTwTeSqf7z/vKPNWp2aZivsumLT47bfFogaFpCukWqndsHLyz5DXFpyFSXIvqWvm4939B4yNj7RI5xOpdRSk+crfTOpohG4q4W3pZB1YwuoP8/cm2AZ8/3JjcDZKzW3BRsH+fuXUWPte5Cw/5e5dQf5+5dQf5+5dQf5+5CwM9JdQR+kv9PRekV/p6L0infR+PHBypbZDKSx7sOCq7ZBBwa4lx7lHYGYBLuKH9DCwsf7OpoIqg5PNU1uigOocT5etucZWtvLK1txnK3jPFB7Xcit6zxQlYe9b2PxRcAMlCRrhkFbxmM5TXtdyKL2g4ynPa3mUHB3JOe1vMprmu5FGRgOknii9reZRIHEres8VvWeKbXh1QYgOA78p0jWcXFa2gZyi9o4krW3OMoyMacEokDiUHB3LbU/8AFm+xP+uz/c74KKpLIXxdzlP/AGIPb8UH9AuD/A5/Nbr+UMx73fmrc2ndMznq9ybu8O1c+5TxVHQ4y7zeKonM0y6Tjsnh+qP1Ef8AkfgExhoaiJzD5wB/FV0zpah8ze4q7vFQ6F3iFRNNHcdwDw/TK+kf/L9vyVJLupi+DOAD8PzUVFv6V9SXcQqiZ0sURd61efqbvZ8U6hD6AVGeQ+ap6EGkdU58VDuMfxM59S3PTq50bzwHyVXSPpqPS52Rq/NSVJfA2J32Vr3dx1eA/wDRUlCa5j5XO4q5F9PRNgc7JPwVhkLHPgdtuVumkmE8B4qmtU43kkvnOB966lkNLpPngqW01Doo2j7OfirvbpKpzXx81UW2Q0TIGcwqWluMTmgu7I+Chssu7e1/PuRtVWYm8e01Q2qocXyy+cQUbRUdFEffnPuTLTVudrkPIcPkmWB5iJee0nWqscxg4dlUFtmZP0ioPFXihlq9G77soU7d1uyOYRtNawGFh7JVVZpdDGRdyNDcJI3MldnPr9YQoper+j/a/VQ0MrKAwHzlDQXKBumM4CqLbVMm31OeJXUs3R8faJ/NVVlkeGGPnjim26Xpu9d5v6YTrTWRao4j2Sn2WZzmMz2R+yqe1S0tUHx8W7XvbG3U44C6fTemEa6mHN4XTafGrWMKOqgkOGPBRrqYHGsJ1TCxoc5wwUa6nacF4TKqF+S1w4KKrhlOGOBTq2nacF4RqYWs1lwwnTRtZrJ4ITxlm81cFHKyUamHIUkjIxqecBR1UMhwxwKdW07Dpc8KKVkoyw5UdTFKcMdlNq4HAkPHBMnjkbqa7IXT6b0x+KfIxjdTjwUcrJRqYchdMp9ejWMo1EQfu9XFOrIGkgvHBdJh0bzUMKORsjdTDkbaiBtRGY3cio6CN1cafuVVEI6sxhuoD8lUMDaTzNPa+SpG72pjEQxy/wDqeWCSTUM81NG5lFHnvJ+SulFHFE2Yc3Ktpm00EZYfP5/v2qupm0LonxHiqgsFVJrGeJW7c236jyLvkVcZc08EPqBVHN/IzRHuVi+qe1Xz6ofYpYRBFDMzmfkpu3Vv7Or1K0sDYODdPFXWF1HPvY+Ad+yp4uiUIZ9p/wAFa5N2JofUUCzd4I4+Kr3Oio4oDzKo6l0NNNGD++SprbDLSiVztJysabmwZzy+Cp4my3GRjuRyujzb3oWe/wDZ/BRRNiYGN5DyI7c9taajPBVVpqJKkzRvwn2mqki0Pkzx9altEmtkkZAIA9yjszv4msjtI2WoMIiLhwKuFA+phbG08lU27f0zYieLVDZZjIDO/ICbZ3GeR7zwdn3oWWo3Bi1DnlGyvklaZT2QAPwCNkkY927d2So7LVs5SfFXGldVQ7tqisUmob5/AKa0VJndLG/GfvVBBNCwiZ2oq6UD6xrQ08lV2qSplYXHshGyOjm1Qnh602xv6OYyRnOQhZJnubvncBwTbJomJaewfxXUVR5m87H77lWWcvLXQHBCttsdTPMkhy4rq9/T+k54fpjy5KyCNxa93EKW4U8ONbuanq4acAyHGVDcaad2ljuKo7hv5JCSNI/eVFcqWV+hruK64o/T9xXWtJp1a/ipbnSxO0Pdx9qNbAIt7q7KZdaR7g0P4n71Jc6WN+hz+Ka4OGQut6P0/cUaiLdb3PZVPVRVAzGco3SkDtOtSXSljdpc7j7ULrSEE6/in3OlYAXO5/eoKqGoGY3ZTK6B8u6a7tKorqenOJHYTrlTNaHl3AqnrIanO6Ocf0Ky21ck73NbwJ9Sq5DLJ2zxaMfgq2ffUUR8OCom76sZgacfJUjA+OZuccvio/4T2GZvD9/irrRxU8rGxjmrzSx0wY2MePyW5ZPcyx/L9FGT0eRvdwVBDJqY4xDHjx/HmpYXRl+O03x/fJWt7HUrdCja4h+G5+SfUNbbWxtPM/v5K0ytZI+LVwI5p0To28RlueY/NXGmgFKyeMcTj4KppIore2Ro4nCmaHGAHwHxKjc2ir36OQz8PzUE26kbNnjlXKJzqovjw7Pdz9ypaXpkQZGOIPH9+xWqhfShxf3/ANAqGxRN1b06s/vxXUJ0aN57v1Uto1TNmY7BGO7wUVka1r2udnUorFhw3j8gdyrrb0uRr9WMK427pmntYwqmyb+Uya8Z9X6rqVgpzC13E96jsLmOB3nL1fqn2HtHdvw0qmp208Yjb3L/AE+e6T3fquoW5b2uATrJHvQ+M4HguoDnSJOyqu3NngbC04AU9v3tK2n1csKaybwMGvzRjkhYAGEa+J9SfYYTEGg9rx/RSWR2Q5kmCqCgbRsIByT/ANF//8QAQxEAAQMDAQQFCAkDAgYDAAAAAQACAwQFERIQEyExBhQiQVEVFiAyYXGBsTRCUpGhwdHh8CMwMyU1JEBDUFNyYnDC/9oACAECAQE/Af8A6E0nGf8AkpLdNFGXyDGMfj/eqaAi2Ryju5/HZRwaySeWwtI2dH6SGoc8SjKudspYqVz2M4q3xtkqWtdyXkej+wrXSxS1r2PHDivI9H9hGzUZ+orlZW0zmyR+rlCz0ePUXkej+wvI9H9hTUFMyvjYG8MH710mwadpHj/cDSVhUrAaVjTy0j5Krs5hqMfU/nBNaGjAUFAc5eqw/wBU42dF/Xerz9DerX9LZssv+4SfFVWdy7TzVk652uscleHaKRxQ6RVfsULi6MEq73eopKjds5IXmR1S2eUZ0q65fbGPPec/flMbrcGo2Wl3G708fHvTbaWk744wpKEaNcTsojHpxu0lYCt0gkpmFXCPVCT4bHODRkp7tTidnRf13q8DNG9WkZq2bLJ9Pk+Ke8MbqKdeKMfXV4vAqxu4/VQ5qn/xN9y6RfTPhsslzjnjED/WH4qrsMevfw8Dzx3bL449YPgqaodC/Uq6EMflvI/2IpO4q2XHqp0u9UqtvdJui1rslNla4ZBVbVBw0MWNlmrBS1GXciuzI3xBUFupoHa2N4q41rKWEuPNdHDmqJKrfo7/AHbW81T/AOJvuXSL6Z8NjHuY7U3mrPceuxdr1girjYjO3Wx3aUtnrI+bFJBIKXEjcFvo22iFZLu9WEejTWtJ15+Cfa2tbnK6m3xUo0OLdjU2kbgFRW5rxnKh6OslZq14VytAoWtOvOfZ+6t9BMyFpEhRp5z/ANRV9mLmOkc8khQVMtK7VGcKgrKquk3L38CvNqP7S82o/tLzbj+0hQzAYEpVVYjUO1ufxU1l3H+Ry6hCfVkVkgfS1BzyOysq2Uke8eoKhk4yxVcDJYyHhV1qo9BEQ7Xv4LyexvryBdQid6kgU9O+F2HKlndBIJG8wqWpZUxCRiqYdDy3uTm6ThVbcP2RNycbIIjwYENMLOPIKpqjcawY5cgmt0gDY5uoYVZFu5XNXR/6UPSkjbI3S5XKkNLMWKhqXRTt48MoHIyFJCyQjUOWyt17rsqsnk1lpKyVlat7SdruOy1XJ1G//wCJ5p7WVUWph9yqYT8QqiPW1aeKpI/rKnjz2iqSDdjW7mr3d9+dzF6vzVgh11IPh6F/h0VJPiuj/wBKG2Svp43aXu4qOvp5ThrtvSSLg16pG5naPaqAuMPa9uyR+juyrhW1DiIoWcCrpEY6hwO2X+jTNZ3njsBVouhpXaHeqVUwCVutinix2gn0+XcFDDq4dyoqb65V9u3OniPv/TZ0chxG6TZr7enZ0jhzG2RWD6UNt8OKpyikIdkKndqiaTs6Rn+m0K2W975A8prdIwNj3hgyUauWZ4aYDjxV7opHu3gHwRGFRU4cd4/1QqqczPLtoK6P1+r/AId/wVbBpOocinN7ekKkp9TtPcrzX9Tg0s9Y8kSm81a4d1StGxtT/qBZ7Nl0h3tM4Kw/SxtuVpnqJy9vJU/R6bX/AFOSa3SMDZdJGPk1u4gclRw7uME89rjgZXnJE2QscwhXavkdM144Lcx1o1t4HvVZOAN1HyHo0kxhkDx3Kskb1YuVM36yoo9MefFXyo31W7wHDZRxbyVrU1ukY2R1X+oa/bscNQwrZFu68t9KsdKGdgK20skv9Sbl3D0b+wNrj7cKopXTyDwwpawQ9iDkPxVRG2oZvo/iiMegxTzaqGEfzgoPUUYwwKodrkc7x2dH4ddRnw2VUm7hc5NJD9Sgfrja7ZutFzz4ja6ojacEoVER5O2kbt/DkfQrqh9PCXsbnCMb6l/WKk4VzqHB27HLZaPXKurGmPV3+g3mteaeIew/MqH1AncGlPQXRyHEbpNj2NeMOXUaf7CYwMGG7JWf8Qx+29uxVOTZCCrJUOmp+13bJ/UygeCjuDp63cs9UbKwPMDtAyU98r6nTJzyrg7M7tkUronamqWU1FLqdzB9BnNMPYaEwYaFzCkGCmDirZDuqZrfSk9Zvv23mB76lxATKGYnGkq1UhpoMO57J/8AGVPJoiOOaoqPclzzzOySQRsLz3KGWCqm14w5VFBI9xe3inU8jeYTYXuOAFK3q9Nu3cz6DEwYaEz1Qo/VCrG6ZXD2qii3krWpo0jGyovMEEhY7uXnBTKmu8NRJobsk9Zvv9ObjhqfTMkc1zuY23yVraVzC7BKoBoY+T2Jsz2HLSm3Ocd6ddJynvc85PoR7GeqFD/jarwzTVvHtXR+HXUavDYThV0pfM5yyVbJt3UNOyT1m+/0nODRkpgLjrPoSRNkbpcFXWYRUxEJ9v8AYjdpOV1xvghdGAckzpHE1oGgq5VbaqcytGMq3XM0WcDOV5yyfZT+kchaRpTjk7I36DlN6SSAeqj0hc7jpXnI/wCyvOWT7K85ZPsrzlk+yndI5z3IdIJQc6QvOao+yF5zVH2Qm9Jp88WhVF6qIwHsALSqa9VMvFwACl6RynLdIwj/AGMrKz/ydPWyQ8ByU9dJMNPd6ek4zhaHeC0OzjC3bvBFpHMLdv8ABbt47lu3+CDSTgIsc04IW7dywi0t5rS4jOEGudyCII5oNLuSLS3mhG8jUBwQaTyCAJ5Ldv8ABbt/gnUGmnEpPE9yaxz+DQtLs4wgxx7lpdjOEI3uGQEBnkiCOe2m/wBkf/O9N/2+n/8AZvzVRSNkqI5hzb8lT/San4fJFhuNsjxzBA/Jb4debA36rf0V1fVNgk4t0/HKO+yzRjHf+ypp6Xr8oaQHHH7q4tl1Q6xnDh2v2TP9zd/6D5p8guNJMJB6pP4K3wthpWU7vrAqxtdTMqB3t/LKr3ivtgqXDDh+uF0W9aT4fmq6LfU7Y6nGouHz/RTXDq9ZHSNb2SqWBkE07WcuHyVi+nM+PyTLi6O4upgOBP5BVdxd15tLjhkKpdVBx3Zbj25TZ/JtuZLGOLvzVDWx1dfrazSdP6KGkbHVOnZycPxWjeWkM8T/APpV1xFtkjgYzsq0tjqbg6oa3AHzXSKMSNjqW9+21XOCKF1PUDslVl3pzuooR2GkH7l5fiFZvBnQQor1TNmmec9rGPuVlusdG1zJeRVLdY23B9TJyKrKy1zNe5rDrPz+9TX+HexOjzgc0LvRb5/Dsv8Amp7xTNbHDDnSCD9ybe6YVhm4404/FSXmjawxwtI1Hj+ak6StEwDB2PxUd5omyyO44fhXG6wSU4pqZuGqyXGGiL9734XWHiXeA8iherfI4TyN7YVHfYhJK+b6yFwtsUrJIW4wfyKNfF5T6z9X9lPcIn3EVI9Xgp7jaah+uRhJ/ntVLdaR9P1eqHAcl5dg62H47AGPkqG/RRF7ZM4ySPinXOLyfuB62fzym3qhm0yzt7bVFfoWCSQDtu/gVVeYqyjMcow/8NrGOkdpaMleTqr/AMZ+5CgqXcoz9y6jU6tOg59ykpJ4hl7CPghQVJGRGfuTKWZ7i1rTkJtDUuGQw/cn0k8ZAcwjKlpJ4RmRhCbQ1Lxqaw49ybTTOfoDTlNgke/Q0cUYJA/dlva8FJE+J2l4wVHE+V2lgyVJSTxDL2EJlDUvGprDj3KWGSI6ZBgqSmmiGXtITqOdpALDxUkEkbtL24KNvqh/0z9yZE+R2hoyVJE+J2l4wV1Ko0bzQce5CnlMe809nxTaKocAQw8V1abebvSdXgpI3Ru0vGDtpqh1NKJWcwpbnM22ipGNX7qimc+gEhdpJ7/iqR5dXcZNfZ/NVrzDRymZ2rOccFE2QxQ6HY4DPtVNKyS4y6e4BWSvlmlMDuTf1Vvqn1dVJvAOxy/nwVvq33Fk0cw4KlbI6ihEbscAhKx910jmG/mFaotNTUVHgSq6H/UIJx3rpD9NPuC6P/Tm/FQ1Dqmaenk9UfmqfLKGPD9PtV4eX1PF+rhzVmmZX0+4l4lmP2VNN164mT6sfJXiPe7iox3hOEm+BDuz4K2NZLXTVLRwCrqVs9XTyuHA8/mqy7TwVphYzUMckHarO84xz+aqpXQ2uF7eYwuswbnyhjjj+D71LK6Z5e7mfQkubHW8UuOIVJeaeOlFPKzKivNJDPvI48DGO5Q3qPdSQytJDifxUl8biHQD2P0wm36nbUGYMPEYVsuLKOd0jhnKpLoaaqdMBwd3Ke/QiJzaaPBcnXoCmijYO0zH4I36n6yJ9B5YTb62GFzYW9okn7yvL7JGM3re005Ut9opcl0XH4K2VbaSoErgpukMWl24jw53eob3SimbDLHqwrjUQTyB0DNIVouLKF7nPGcqhu7KSF4aO0V5fEsGicZPsT+kDetNma04xgo3+KJj9wzDnHKff95TgPHbBznuXnFT/wCTddv+d6ob2I2vZUN1B3FXS7Nq2NiibhoXlJnk7qmOP759OOinlaHMbkHgobdUz50M5Kno5qklsTc4U9tqqduuRmAq23dXijAadTv5gKa11cLNb2cF5Frv/H8l5IrNRbo4j3KG1VczA9jMj4IUFQZdzp7SfaKyNpc5nAe5RWqrlZrYzgnNLTgoWWuPHd/JCmlMu5x2vBVNJNTO0yjCForCzXu+CitVXMwPYzh8EbRWBwaWcT7lHaquQkNZy9yqKSamOJW4T6CoZFvnN7KprfU1IzE3KZa6t7ywM4hVNFNS43oxn+xQ3Shigja93Ee9UEYhiBjHBxz8Dy/JW6n3Fxmb8fvVe/cW9+Xa89/vVdIY5Kd+nPP5KX+vHJuH8e8H+cFZq6eogkdIeSsVXLVGV8pyeH5oVElPZ2yRnB/dSNBq4X9+CrnURaZGic6vs/lyUE7JRGCSx3hy/DvV2ZIyreJOale1pi1P0/moqZz7s6V45D9v1V7ifJDHPp4g8k2Zs7uy4tfjkf0Vpqqjrj6aQ8Bn5qjrJprmY3ng3VhU7ixtU4eJ+Sma+vtsZf6xI+ePkqmDfRPp8cMcP59ytU7BRiKXLOPPl+Krat1DUF8pyCOHD5/ervXtqywN+qP7AU/SGZ2kQjSAvOP+rvd3xxjn+yhvOmndTvZkHPf4qa/Pe6NzW40qbpDljt1Hpc7mVb7p1ON7NOdStl06jq7Ocqkv/V4GxbvOPb+y8uyOqhO5vLuU3SFsrC3dc/54KPpF2RvI8uHeqmofUymV/MrzlHDMXL2/svOOTDzp4n8E2/ymAxyDJ8V5yfWMQ1+Korm6mqHVDhklU1y3FWanTzzw96p7/uXPO7zqOead0jc6RrtHAdyZ0inbMXu4t8FFfwAWSR5bnKuNxfXSanDAH/Zf/8QAVBAAAgADAwUJCwgJAwMDBQEAAQIAAxEEEiETMUFRYRAgIjJxobHB0RQjM0JScnOBkZKyMDRidMLS4fAFJEBTgpOUovE1Q2NQg7NEcOIVVGBkhJD/2gAIAQEABj8C/wD8SK/9DLE0AzxMko36wnGQjAevZphCnFpwTShI0E7Tn9f7WogHeINu/JhBMmzbzS0fgoKcJQde2PCz/cHbCOrsysWHCWmanbuBb10XWYmlcwrHhZ/uDtjws/3B2xNlsamXMZK66GkB3mOLzEAKo0R4Wf7g7Y8LP9wdseFn+4O2PnE4csgH7UXryOn7yWcBy6R64qufRDyzOnm6xHEHbHhZ/uDtjws/3B2x4Wf7g7Y8LP8AcHbHhZ/uDthsnNmVVb3CQY88SzaHuJe4ONOEovY7M3tipNSYqOLQXfNphzftfJGTOcbtTF7dpvGiX9Xk/wDjXck+kfoTc/7M34Du2v6zN+MxJ89+reiYmfUcxGowLng2o8vYK5vUQRE/0jdO+nehaG1I6U/iDV+FYFpLLQkC7pxrQ/2mJXoZfwD9raAwi8NzHdoN60S/q8n/AMa7kn0j9Cbn/Zm/Ad21/WZvxmJPnv1blpa6hYS1u3kDUrMQaeWKulnmjyTJVOdaGO91uMoZa56EbkkLxg8z7H4w8z9cF5iaZJPvxntn8lPvwolszKyBheFDjuNMmPNFHCgIgNag6yNUZ7Z/JT78PkxaSzLd4aKB8RiYkuW0xqoKKK6+zniVLzUa43KiL1sYkn/iXo3QMnlHpUhuKK5ttYKGWJUylVC1un26dyiqW5BHDRl5R+wBhogT5YLWd8QfJ2GM+425sOeK/ItEv6vJ/wDGu5K9JM6E3P8AszfgO7a/rM34zEnz36ty0oGQMZa3b7ha0mIdPJHCazyx5WXV+ZSTHe63FUKtc9Bp3JGstMb1cEDoO4Yk+hTo3D6dfhfdxESk1ln6F+zFnNRinWRuS5TcWZMVDyE0h5z8Z2LGFmIaMpqDAn8SzEXsPh9tYyElLzDxU0csZKfLyd7y8VMd02Yd68ZfJ/YHsraOEvJHCs6erDojwH95iZLQUXAj5Rol/V5P/jXclekmdCbh9DM+A7tq+sTfjMSfPfq3t0YKMXY5lGsxeVSqABZYOcKPyT69wxJ9CnRuH06/C+8SYMclVW9bEg89PVti5JtE1FrW6Gw9kVvS5c0cZSwFdo7IkXgy99Q8IUwvDdEqWSJjVQHUKk9cV3O4Z/CFOBXogoPBtinJ8uk5OMphZqcVhXclWkZjwTv6b0xKP/68rmQDq3E+jNI94YfAdyY/kSGr6+D9rcAGkxaG8qdMP9xiT579W5NMwsBLQHg6asF64zWjmj5tMY/TnYewDrgBroUYhEFF/H17piT6FOjcPp1+F95UZ4M+SOBXhr5H4fnlgWedMuymOBbMja/z1Q5HlHcSfMpeLBxyN+Ruh1NGU1BhbSg4aC/2j9gyUw95b+07jyX0iGkzRRhz76u+lt+7Yy29t4dJ93cNVvIwo66/xj51OXYbOCfbeFeaMnKDXSauzZ3PUNm4J+iR332Zh6zQeuFTUIk+e/VuWrzE/wDKm+aJPoE6Nw+nX4X3ujNTHMRqMZWXUy60IOdPzr3VlZRJd7S2aJFgV04OBLOqYDRifzSCpFCN2bZWzcYdcTJOhWw5P2ASp9WlaDpWL0qYrjZHfhQjx9UFJNoyijxrsZ6ndqd+SQWluKTFGrWNo/OeBmZG4jjM28EuUpdzmAgS0N4VvO+h22bBz+zck+e/VuWrzE/8qb5ok+hTo3D6dfhffG+KpSj+b+ceUCHkvxka6d2rszUFMTAlzVMyUMwrQryRi81V1ZKv2ov90SLmu/1cbmiVMkzUm8KhunGnJn5ok2qWQVmLSo2fKXZSmYdS4x82ne4YGVlulc14UjPGeMQVYRw2ZuU70Vwrm3fms/8AlmC8yRNRRnLKQIwYH17rdzypjrXhDJ3lJ7eeMf0VP/7ZZRzgx8yt6/8Abr2R/pttblN37Ji73HMRDnVJRx5dJgZWTMlg5ryEblx5STACSvCIzx81T+aYmCzWQ0NA7LebMQ1OYR80n+4Y+aT/AHDHzSf7hj5pP9wx80n+4Yp3JP8AcMLf/R0xyq3a0YYR/pcz+6KCwTUW9eNFY1wPbAyst5dc19bu5gIxG7LYZmlAD+HgfZ34agNDWhgWLJvlMXTEG81DhopX1wVmi0I4wK5MYc8EoThnBHyAaputuSangzO9n15uem4rDxZgruzToJrzb6yeiPxtuSBqNfZuZGvCnPT1DHs3Aq1JOAAgSwa3RSuuLDIlTCpMszmKGlbxw5hHzmd75j5zO98x85ne+Y+czvfMW6RMmFiJYnKXNaXTjzHeIUdl/WjmP0RHh5vvmPDzffMeHm++Y8PN98x4eb75jw833zHh5vvmPDzffMVW0zhyOY4Ntmtsc3umB3RZpdlmaJspOD617IUTpTm8KqyUKtyGMZc/2DtjvmSvHy0pzxes7ldqPUQvDyl01rSmB7DT394mCnKi897SK0ofZX1wzZOaiUPfMuGC7Twc27aUsV4T2QUumhpWDMnyCiA4gmjHbBD2ic657taLH/pz/fF2UHI+glI8HPH8I7YunJXjrF0wZ9nJeWM6nON0ytJ4p2xQ4GAQaERKtIzsOFsOmJsjSy4csUOfclTPKlLzcHq3wTyFC8hpjz13JtqOYcBevcaWp73I4A5dP52bjWtxgvBl+d+HZCylwLsFHri0FRRUbJqPNw3tnLCqu2TYedhDSmNSjFT6t1PrR+EfKdw2w1sjnPplN5QhpMzjLz7dy/LYq2sGkZCa+UW4+cY4IT1D2bwJYzeIVRlLuagAw24Z/wDMVnTpkzzmru5djQstVGta06egxMs8lFl3Gu3s5jv8535ThvRY5pvKR3vZsh5a4IeEvJum1Jxx4Ufa3O45h71PPB2N+O53Qo73N5m3CNMo19R/Gnt3vC4oxaCzYkmphZUsVZjQRLkL4o9phmU9+mcGX27mTBuqMXfyRrgJLW7LQUUbIM80pZ5bTiDpoO0iKne1EC0ClLRLWdQaKjtB3U+tH4R8qHPhrGQjbZZzew7stUW8xbi1z7IeViRnU61OIPs36yzxpa3R5n+ae2Ju2h5t9Z6fvBEvXk+s7t5Y7okA5Fs4/dnVuZKa36zKHC+kNcPIfTmOow0mYKMpoYDZxmI2RdrXbr3l3S2J5Nzu2aOEcJfJrhp05wiIKkmGntguZF1CFkylvO0dzScRWsx/LPZuWqZ+/mLJGynCO/sr/uJjSTtrwh17qfWj8I+VEhzRLSjSW9f4xR1utpGrckA7TzQ7pgUYA/xVbpr72zfBJaM7HQBCFmDPMIQ3TgBXXpOb85pZ1y+s74Noli9DAZpYC7w8EMpFGU5mECbKN6zvxTpU6jCWiQaOhhbRKw8pfJMd0yl76mf6Q3LvjJm2jdqeKM8VMcId5TFz1RQUAEdy2dv1aWc/lnshZUpSzsaACDIlEPMbws0afojZ07tgs+B72ZxI+mcOYDf2+zmg72JwJ+gew7qfWj8I3q2q0zZ4LTCgEtQc1NfLHhbd/LXtindNrl7WlAjmMNPsdoS1y0xagKuo13To3sid5ExW54tK/wDKx9pruE+TLJi048eYt3+Fcenp3sqW9yZwatSUb17lw5M9IErwGXF8EKVP8QJOHrphCPMmy3WWwastr1YWZ3Pkcmacata/nn3z2uaOEwvdg/OuGmNizGp3rK635bYMuuAVJeS/Efq5YE1MUOExPKEJPkteRxUQbXIXvbcceSYDDOIDrgraNUUEXQagQsmUMTzQsmUMBnOs64b9HWVtk5h8MBVBZjgAIKYG0sKTGHi/RHXupKBoXYKPXFpYYKrXB/DhurLQVZjQDeWZjxWe4eQ4Q8ompRivs3Jf1o/CN7I9O/Qu6s+VxlPtiYJIpJekyXyEV3tp87q3LRa7hKpLpynVDm8GC8GozHWfWan176+l+o0iJi2yyylC3ZjhUum0G9mPt5omsyoZV7gLLkKKEUvNgNWHr3tD4JMX7IFjlngpi/Lv2kzQTKfPTRtEGW+OkEZmGuMjOb9WmHH6J1xQgMrD2xVcZD8U6tkXGNEbPs2wbw4RwHbCy0FWY0Ai7nmNx2jIyT+szRh9Ea4qYE9/nMwcH/jXtO8a0Gn6vKedQ6aDtI3lmvcVDfJ1UFYtMmlAsw05NG8W0Cn6xKSbQaKjtB3Jf1o/CN7I9O/Qu8/R/wBRl9e8s8ry5qjni0sf3rDngTZ1Vkc7R3NZqCnFu+UOw8/r3wtNomSbtcJWWUE7TjWnPFBbZAGgC+AP7YP6zlh+7ArX31pEiVITJI5CYmvJmphU5oW3fo5cHW/k9mzdWVLFWbNAROFObNtOuCzGpOJPyGQ/3BjKP2fXuf8A06e3DQd6J0jVDSZo4Lc0NImZxmOsRiax3VNHfXHBHkiHtM3MuYazqh7RONXc1MG1zkDS5ZoqnM7fhBZjUnOd5an/AH81ZI9XCO8/SVpoTSRkvfNIkWo57RZ0duWlOreWZ/3E1pR9fCG5L+tH4RvZHp36F3VkSuM3Ntia8nwS0SXyAU3j2xhVLLLMzlOYCFn2mtzxVPjbTBSzYqDdBHjnsHPhtgzJjXm391FZjqAijAgw9uYEBRdlG9Th4dRgSm4UjV5PJHddiK3yK7H/ABjJlTfrSlMYa1WqmUpjs2QZ0z+Eah8kLSP9zj+d+PbCTpbXXQ1BiXaUwvDEajCykA70KFtsInirwn5NzuaWe9SMOVtMJKQVZzdEJJl+Dlii7du9sFnFDSUZpPnnspvEzhp9oLcqqKdJiyTAtMhOeUTrrwt5b7MaCsrKj+A16K7kv60fhG9FltNnmzLswuCj0z07I+Z2r+aOyPmE99jT6dAhrPZJCWSU2DXcWYai29WzzV4bkTZ4+FT0w1jlKygYNhi2yMkCCJIuYZq+Nz1357qUnyfJ9dMYuVFw4gLgp24YQGYK5XillrdiW4HDYJebScNzS8puMnZC23Jd8u6urXF2hSUhwU9fycyT5QqOUZuz17lpkzDwWW/LH0vz0QXY1YmpMX2HfJvCPJoidPB4dKJymKxNtHki4vKfwrvUkgkGYwWuqsWlxmD3B6sN5YLPoSzh+QtiYt8mlWULOQchxPsO8sznMXunkOEPJJrk2K110iX9aPwj5OgFTCWi1qO6M8qSfF+k3ZCrI74FNZjHx4lTJUuk67VCeNy9ntzZ/kCp/wBqZ8Q/+J9u5I5E6IoM8d12ygYYgHMkC6n6tmOs7Y7vsmJpVgPGGv5MMDQjNExVUqtaqDq0QX9USZJzFseTcs9kBzDKN0Dr3JIqDeq52aOrn3r2nD9XlPNodOFOk7yVJGeY4X2xaGC3aPdp5vB6oyGFJ8t5THYR/iKHeJacP1iUk3DRhQ9ES/rR+EfJifIuXvpLWGlS37jtUzQxqjnYdBhlnJScpoJba9Z2dMF3YsxxJOn5GcNGB9f5ruWSVLUs5uAAebHdVsZcoNOhIuiqSBmXXy7mQmnvLf2mO6pK96bjAeKfk0byk/DqhduMTGpml9Y3LRQ4IQg9Q7dxU8hVX2Cm9tLV8PNWVTk4W8lzHWqSQ01tlB20irYnTEudSuTcP7DWLVLpTvhI5DiN5ZzXGRNaXTYeFWJf1o/CPle4LQf1tB+rTTp+gYKsCrA0IOj5A5NcBnY4AeuMmpvEm87azo6/bGTkrynQIVppNFF0U0xemYIOKmreScsammHJogy5qBlOuJkjOBmOz5GU20jo7YpFpPm9e5PneXMLc8Kus0h21sd7YLMKcGVlTyua9m8/SNp05NZXLeOPRu2S1DHLWdbza2GB3lts/lSsoOVMe2Jf1o/CN73R3RZZKXrvfZl3GP8AUP0b/UCP9Q/Rv9QIMySsu0oM5kzA8FWBBGcHeB1JDA1BEWf9JoABa04YGiYMG3+OaHWRLeUklaqC1RSoGbr2RlJ9ZUrnaO5rJLVpvkjMOWLOmtid7Zypr3sD2bjBfEUKfkbOv/IercntrYbh5Ys665i9O9SSCRlGC1GisWmZov3RyDDeGzTLGk9TMylSxGNKaI/0qX/Oftj/AEqX/OftiRJSzJISTeu3WJz7yzzNF+6eQ4QJWPAtrLj5u9kenfoXdDKSGGYjOImTmFbZZxeLU8JL27RvbZJP/p5qTl9fBO7cSg0sxzKNcAyjNJvUJbThq0e07x5s4qJa0re5D2QZdlrLl+V4xizg/vV6Ys8vSAT7f8b0gLlJZ8WsNJyJlkLUcKtYnSya0ata/Iy+U7jn/lPQN2y+mXp3sy04fq8l5orpNKDp+VlTsO+T7x5cmN7J9O/Qu8WQeLOR5bcl09m9t6HxrFMpy59xJQIF9gKmFlqGCTOHwqXjq/P5EpNZZ/s/Z595OSa9wllYG7XMG7RCspqrCqmlKxIG2vNAHkywN9Z2Hl3fbhCNrl9fyMttrfZ3D6Q7hG2JDapinn3toauNonLLpsXhV+Vk/W2+HeyPTv0LvLTa82QkMQfpHAb2bq7nm1907iMcAlXJ5BEgyrtQrVJNABh2wzrxBRUr5IFBzb2VdnFJiLdocV/Nan1wWnpwQhusMxiedTU9m+s6rocN7IljVL6z8io+kerc/wC4dycupz0wrajDrqbeWGyjxJOUPK5r2fKyfrbfDvZWQlNMpPet0bFj5pO92Pmk73YBtGTsyeXNmAfjAsNiJaVW9MmkUyjdm9t7nxLFMI6NybarTQNNFEvD1+wZ/VsgpdfycW0Vr1DZ1bwTdEkX/Xo56RWRNZdmgw7zZardNKjTF6WUvnSnBb2R+r2gHY4jGzs3m4xw5MxeVY4p9kUSzuBrYUENaJ71mUxPUIee+dj8jL2r17ko+UWPPuWwf879O4zeUa7suRiMowWo0Vi0zdF+6OQYfKyfrbfDvcGIjjt7Y47e3f26ec890kIf7jCOVDhWBunTDuJrszJdVXqWU118lR699fqKzJhr/CP/AJHm3Jj5i6sfbgNzgz2YanxjvtnRvNNI75ImjkoY8FaPYO2KSLN63MXp8wtqGgfJBT5I5xXckev4juWsH95X27ksr+7Qf2jdm2r/AO3kvMFc1aUHTvbK/cllnPPZ2Jmy7xAFBH+nfo3+mEf6d+jf6YR/p36N/phH+nfo3+mEJaxZrPJdJ+TORS7UFa47yT9bb4flrJ+jPGkJfm+e2PNv1SoF40xiZZ5aM3CBvM2KHThtgIoqSaCJFlU56D1D8j9hdGzqbvs3JHIenctP8Pwjcs13OEIblvN+G7ONTW0zll02LjXn3tns1KGRZ0Rh9LOene/pCQFq2TWaNl048x3kn623w/Kv+lLSO8Wfij95M0CHnTTedzeY/ISbNMmZRHa5wgCRXDAmMrMaVNSQ5ymTfikVz3qaRACngy1p6/2BUGdjSCxzk13LP5u5P5F+EbijxhNavsXdsNkH+3Jyh1hnx7N5IkeXMC88WiYaeENKahgOberJbBJytKbkI/xBVhQjA7sn623w/Kd02pu5rGvGmtp2LrMJKkS8jZJOEqX1nb8m1+TLpKTGaq0NaeNrrT20/YKjxcfZu2b0S9G5P5F+Ebk4fTXr3FR2uKxAZvJGuJ9pW1WG67cHv4zaI+dWH+oEfOrD/UCPnVh/qBC2yfaLGyygzXVnAkmmEAb1Jt29k2D05DWJ86Ra7Fk3csvfxpj51Yf6gR86sX88QtiFqsgmpaC5rOGa7Hzuw/1Aj51Yf6gR86sP9QI+dWH+oEfOrD/UCPnVh/qBHzqw/wBQIxtdgH/9Ai/M/Sdhu/8AGxmH2CKTLZbJw/47OV6Y/UrBJLD/AHLTlH5rtID2q25QjNwHoPVdjw6e5M+7Hh09yZ92PDp7kz7seHT3Jn3Y8OnuTPuwFWchY5gJcz7sDKvcrmvSpg+zHh09yZ92PDp7kz7sXZcxXbUsuYfsxdmTFRtTS5g+zAM0yJslqB1aVMOFdGGeBXPT9gzbgVbTOAGYBzHzuf8AzDBmTe+Oc7NiY8GvsjgqFrq/6GGU0IxBi4/BnLn+idcZOctDoOgwJclC7HQIadONZpz7dghp0zjMa/8AXBOktRhzxdtcu6dIK3hB7mSp1Il2L83MOKozD/2Noisx2CKvLdeURVJbsNgi4Zb3jopjFXlOo2rFERm5BAvy2WuaoipkzAPNgESZhB+jFDgYqsmYRsWMJMw6OLHgJvuGKvKdRtWPATPdjwEz3TuEqpNM9Bmi9dN0adEXVBY6hF5pTqNZWKrJmEebFTJmAebuURSx2CLzSnUaysUAqY8BN9wxw5bLyjdqJMz3Yq0mYB5u4bqk0z0EFrpujTo3KmTMA83c4CM1NQgKZT1OYXc8eAm+4Y8BN9wxcyT3qVpditllTEmE0vcW6NJ1/kwqOLVNu+NMqSdwVUiubDPFGUqdRiqS3YbBF1gQdRiokzCD9GDcls1M9BHDRlrrEUVSx2QSFJAz4ZtyiKWOwRV5bqNo3031dIi0ekToeJPnv0LEv6vN+3AfG7mcaxBxB76mI08FolenP2YlefEud5a0PKMOikSXAHCQYbc3ORBW/wAFplwN9EYV9kWcgXayc2rhtAcMgBiYXZTeSgpXWItI/wCZumDMysqaBnuVw9ojJu16YHVFJ01rn9kCWrFUqcmp0DthXsxmP5LKuMFpksy2aUSVIpoi1eg+2sN6OX8CxlioujSGBpDrNJaYmN7WNvr6Yu499anqGJ+zEsOKB+Cb2bHMeuJPpB0wJcsVY7YDYoTpBqDs/CEmgUrn2H89O5afTN0xfvq4DUvJXA+uBNmtiC19tOGN786oEtAaV4EuuA/OuFnYpjg6NmMS5mAcPRwOmJHpV6dwekHQYuLSpmzaY08VIvzFF3YwMMZS1C5+EBFpSYADdGY18dYN0qKa4Vi8ugO3sgFPCPgp8nWYM0Y1OdmzmBY5tbpa7dPiN+c8SfRfaMZFuNLzeb+enZD+rohvTfeiWqipNocAepIyEiplXqIo8fbAnZrp4yNxTAmHjqbr4ew/nVEuV5bXj6s3SfZFz96tzrHOBvpvq6RFo9InQ8SfPfoWJf1eb9uJxT/al5SmsVHbHcrVvrNBU/Ro3bEr05+zErz4c4VlkN1Hq9kTXzZAlq7SODzjniZOx4K3Qdp/C9Fm9D9toUSJDtL8U9zhuekTO7JZQ31uVlBNDV0ckWn0zdMGSyrLBPCUCkXSwyjEOaaNVD6+iC9lW+jHiLnXZTTASYcoEwuTcabNnqhpicVpZNDnGeLV6D7aw3o5fwLEz0T/AAmAugq1fZXpELITG4AuGkn/ADT1RKcKwW7cq2m7+F2LNOx74ytXbXHnrC+Y/wABgtpE5QPY0BfFvueZdy0+mbpjJZNFBatErifyYmI3BmYsRqrQU9kTsK969nCWLTe8VQRy3h2mHGjKJ1xI9KvTuD0g6DCenmfCkNyiLT58voeLV5g+NYbuSWz+VSVfhBOs7CXXhE2YDD2RZ/Q/aaJS6AuHT0mK3Sl4XTRbt4dcSfRfaMSJwIN5Q421GIMNMl1uGlK54b033ovA0KzJrDlCLC4V4L/CYuhb97C7drX1RwyTdwxOaBZs1GEnXTXz1hbRdEpnUOAopdph1ReWgVheArWgONN7NkqKs68HlrXqhgylkbphbqFVUZq59sZFs8uzuP7WJ6YnkZxK+0sVQUlviuzZEr05+zErz4usaKwunkOETZOK14DjkP4Qhwq5LdVObnizeh+20LLaS5I03/wiYqy2Qqt7Fq6QOuLR6dumFtA4y8FuTR+eSMi7UyemleAezrgyrVMnFAbrpe6olBLxKVxI5oo2cy2amqLV6D7aw3o5fwLBlypRV2W6WLVz59ETLRNU3ANGzFj7Bzw5XhO3CbGkGZMUXVz0cGJaaUnL7D/jngTSt4UIpXWKQqJLKIMTVq1MJLbjVLnZWmHMNy0+mbphhlZlDovQUbMwK11V0wwdT5Mxa5xGSloRjUk9EKWwM1w1NmjpPNCTaVuOGpHzZ/5v4QjLUBrjY7VrCenmfCkNyiLT58voeLV5g+NYa/LL1IOBpr7Y+bv7/wCEXl4RksVbk/z0wsqZLJuZrpzxfDugbwl0+Jq6ok+i+0YWV4+TQy+W4MPX2QIb033olMVDUtLmh04JGHCu5j5Sn8IaVLlkX85OqDOnPepwkv43QM3qJ6IKygCQKmrARlZoW7W7g4MKNMs3fVnHX7N8WmSVLnO+IMXpUoBxmfOYxUMKEEHbDZGzpLLChILdZi5OkpNWtRerh7IUSZSSwrXsK5/WdkX0skpWGY3nw59wvMskt3Odiz488YAAAAADUIXLWdJhUUBJbN6jHzGV7z/ehsjZpcssKEgt1mDMexyi7GpN58/tgq6h1bjKdMFpVllo1KVvN2x32UrmlA2NeaKrIUnQWx/CDlBlK1re0w+Rs8uWXF0kFs1a6Tsi/Osst3oBeJbQKaDGFjlA+c3bBV5aupFLuYc2aDkZCSiwoSpbEeswVdQ6HOp0xfkWaXLbDGrHTXSdkfMZXvP96L0qzy5baxU9O6Zj2SUzsak3nxPt3e+ylmUzE6PZFRIUnQWx/CL1ca1j5lK95/vR8yle8/3ouTLPLZMKLVsKCmuBKlSlloCWoK5zTXyRdmy1mLqNeqGSTJSUGIJoTjTlO2GR0V1cUINdddEfMZXvP96PmMr3n+9BmaTniuQC+aTjF2VLVBs0wMtZ0mECgJLdRjgqFFAABsFILvZJTMcSbzY88ETpKzQTXEnqMCVKlLLQMWoK5zTXyRdmy1mAZq6IrkQfOJwhhMQOrChU1A5uSCsqzy5dTU0qek7YZZktZikZm/CCJMhZVTU0Zus//g15iANpjwie+I8InviLzMoHnCPCJ74i6jqTn4wijOo5WEeEl++IqCrDWrVHtEXJjKrUBoWEUykv+YIzgjWDUH1xdZ1B84RdmFVNaYsI8InviPCJ74jVTOScBHzqXe8mh6aUjQRoINQYF9lWoqKsI8JL98RUMrDWrBuiBfZVvCoqwjlFYDOQAcBUiKqQRsNYLGlBnqYLKQQDQ0I/OjdDOQoOAqRHhJfviK1UjWpqPbAvsorrYR4RPfENcKtdFTRhuFHdQR9IbhRnQEGh4Yhr9Fu56mDcZTQVNGG54RPfEYTZXrmr2xQ4GLzEAbTSCUIIGejDcGWmpLrr7BjByM1ZlNXZni8xAG0wWQggZ6EQL7KK62ECaStw+NeEFkIIGehrAZyADmqaReXFc1Qd/kg6qbwNW9cS5jTJbhyQLtdFO2A4nSlroavZEtKg3boqPNjLvPZOGVoJdcwG3bGVE+YxoRQyqZxTXH8MXxPN7IibS79G9DSvFdcdlMfw9cN6OX8Cw7LOJZRpXCJ6V4IS/wCuoHXEyHuzZaUmPxq6+SMkzKxoDVYR8vIFQG8bsjIKeAuJ2t+cIu5Sk/yLuFdVYyB4j5hqbR2RZ/Q/aaEbLFXceThFM6sjVHqrFn9D9polehl/AIl2aUAWFEFNLH/NPVEyTjwheA2j8KxP5B8Qif6ROh92zefM6EgTBOCk5gRh7YEhqgTGuMp0HRErkiVOa0OpmAmglV0ka9kTCs53Lpdxl00g69m4LQo4SYPyaD1eyCxYZaVgg16j6uoR3Qc0vi+dEuT5ZvkU0DAdfsiWJtEvUrXQGGfnrDaMDAlFrooxrTUKxLdZhcOSMRTNTthC2deDEqRjwReIppP4Uh7PMF0mqGuhh14U9cTJ2FVHBrr/ADj6od3mEAcd85qYRrKJk3SrIhqKQTQCpUkDRhFo89PtRK9H1mJUp+KyHHVwjjBlTuDXvb10fkwJUnhKOAm3bCy04qilde35Cy+kmdCQvm9ZhfOjKy2upeK59OHbDGY9QV26xH8MS1nzJuSmILov1BGjqjKq99pmDYcXZ0Q3o5fwLGStM2ZQitL9RAeW+UMzO32fzs9cyJ3pG6Y/gXoiV6NPhEWgnid0N7L0XWrlcx11iUZfF7pF33os/oftNCd8mCQ4oAHwjulXvTOL5n+e31Wf0P2miUWrdElGamoIKwZ81krwnqXC8L17cYaaLkxb98hWwIOJHVFoFQaAYjTwhE/0idD7tm8+Z0JEv19MT6Z+6W+KJXJCTFeiuKriddImia9SxWmfbucIXlOBGsQ8qtbpzwLP+7wO06T+dkZEuEUMJV4nAaz0mEmqZVWXhBJgamOzZSBONavLqSdJ089YUWYkTcaG9d0Y48kCXbJ7oQbpMypuQkhMAvBqYE0lUW/fF9sKDMOqMtJdSeC9Q4bhac22CVzGYjL5pBp1RN84Qt50W8TS81M0MCCDeGBi0een2olej6zFn80/EYW0jPxH6ujmhrSc/EXZr6en5Gy+kmdCQvm9ZhfOjI5CTMW8W4d7ZqOyFlGyWdb2kX/vR/DCS/GEiWycoQdXVBkHNNzedo7PXDejl/AsTABVpZLr182Pqh5BODC8OUfh1RMid6RumP4F6IlejT4RHdKDg0Aeni6KxduS8p+9xvcuekd0uOCOJtP4RZ/Q/aaFkaWXg+dXDs9cXGwWZwD1c8Wf0P2mga3lSkHug9XPGVZyi3rootfzniW4mXw5IzUzU7YZ8eIEPKGHVT2wwlEUalarX854CMVofoDcs3nzOhIEpJcvDM5rXshbS1bqNUE+M0SuSJcnuaQ4QUBa9XPXQdsMhs0hMBit7yhrO7N5YtE792zNm01w56Qwv3Qq1OFYaaswvdz1WnXE2XhVKnaQR1U/uhfMmfAYSePG4Lco/DoMO5bhouS5a5v7a+7DsZly6QM1awJquXW9dPBpSMixUGhl1p6werkEMhlj6SPmhQEUHMqrmENZUI4l1SdY6K9cOpljU0uYDngcEVzKozAQqLmUAcsH0qdDQPSt0L8jdNCBoIjMIxAPKI4ie6IwVR/DGKqeUQDXEZoqFUHzYqwVjtEVioVQRmIWMVU8qxU4kxiqnlG5UGhjwMj+UvZFSaxiAaaxuVKqT5sVejHaKxwqGmaoigwGyMQDyiLtBTVT86o4ie6I4q+7uUNCNojiJ7oirEk7YxAPKI4ie6I4qj1buKqeVYNcb2eumMAByDc4IC11CMFUcgimcajFLqe7FAAOQRTONsUAAGwQAyq9M19Q1PbBCqqg5wqha+zc4So9M19A1PbBuqi1z3VC19m5TAjbFMw1D9lDTZglg4CumKf9XMyY11FzmBPaZ3o5jTE/jGDcDPeOrX7IC354rpMsU6YocDGTmGdeAFaIO2MDP9csdsX5bh12QDNFpM2ULo4Kla688PfYC5xmOYRx5+2ksdsFpL3gM4OBETJExp1+WxVqSxSo9cZ7R/LH3omZEzaot7hIBpA17Y7mDTr5e54MUrWmuFecZnCzXVr1xntH8sfei9KcNTPrEKZxmcIkC6tdW3bGe0fyx96GWUZt4CvCQDrgGe5FdCirRTKThtaXhzHdMtzPvLgaSx2xntH8sdsB0YOp0iGmTCQq6s8ZOSZxelaMgGbPp3DLnO98Zwi1py5oCJMcMf3i3R0wjz8oL7FRdWuanbGe0fyx96M9o/lj70FZzTK32XgLXN64WapbJlS2Ixwr2RntH8sfei6kwqdGUFKxQwqzWmVYV4Cg9cZSVeuVpwhTGCSQFAqSdEceftpKHbBaS94DOCKER3OWm3r93wY7Y7jvzb2VydcmKVrTyv2CzX0voHLMtaXs2EWGcZRMopfyZb6RXV9EaImzhfF9VVeFU8JdPqrCWjQzFfZTtiXN8tanHTmPODD8i9AiaVlZMrxDePCx254nDxboPrr2Vid50TacTL4/3Rk7VRTXhEg80ZRpyTEKkd7xB/OENMN5ctNrx81TyQss5jEy6Dw0u4vtB1bIX619qJHnHqjKTTNDlitVIoM2iLrnBXuPTSNMSgc95vsxKdpkq+Qb4acBQ1O3VSGaSZRqKG7NDdcOZ4ZpYfNpKaOaB3LOkpNB4pqCR28kLKZmLISM2Yf5ruTvPMTDJuKVaiXXreiaSM7i77DX7MS5Plm+fVgPtRJduEKLM5QdHVAEujtew1GL1oF5euBMsU+Tdpw1Fa8oGqJMtg3e6m9epUkLXXqiWFJ4aXseUjqhG4RqoPGp1QsylLzu1PZEv0D9LwJc29doTwTQ5oR5RbJvXBs4pEo534p2n/FImLKNa1ubQow5hE2UaaGHR180YcXKCvsMXLVQGuJNc2yMqZqTUKsO9mqnDXy0iQctw50286keDFc/T7IlTEJdsrlnSnExrT9gUThMqua69OqJKFJ/ekuDvg1k+TtiTIl5lWuJxzAdVfXC2YE1WhHB041+Iw8ryWvD1/4Hth+RegQFcqwNcVzYQO5wQpPCqcb2386eWJ3nRNy1zJs7LRjn/OECZZp2DYgTO38BC2fNlHybKdebmiV546YT19G4v1r7USPOPVA9I3QInAY99I54QjTMf7MSp0y0uhmAmglV0ka9kNk57zC2uXd64CTJiiZmDIan8YygdXStNo5YutUtLwrs0dfNuTvPMPcnlyla1SnsxhpJA7ylQRhwa9p6YYeIhuYY5s56TCPLreF7RgBnHSYlPXELdYnAC6Pu0h2SZdmgXmucIH8/kQpvjWroYlTmp3xa4ctOqLP6H7bRK8xeiJPK3VEv0D9Lwvmt8JiT5zdUPM0qWIx10A54eY+elFwzYg9UZSWWEm+RtuHDogi0XLrVUhmz0hZlmncF6lQ/sz/gISz5so4lsDrzc0GcqUmMKFoeYqUeZx2rn/YQozk0EXnkWhZTPS8yHgpm6IC9/WukuMOaArWWfdfgHgkcnPSC6WecykLQhDqEWiWBVw5Zez87IdJlnnKjCtShoCPyYmstmnMC2BCGHRTwkmMybdfQPZGSMg7A8vNHdNoDKRit7jE64leeOmFZ7NOVQDUlDq3Ffuadd7prW4fKiTkpTzKMa3Vrqi7KlWtMa8FDAnzxcKcVdN7qiVkpMxwGbirXQsBBJtF1cwyeaP1iVNCU8aXSDarMrGpv97zoYyWQOs3UhZZoXzsR0fnbuTWWzTipYkEIYKzJE41z3ZFK+wRNnXTlSmCAXsBjj6wIY2mVNlooriLtfbDmQs8zQOCtb1ebVWJyTpE1EpiWFMDwSPXWC8tGdM18LVWEAmVdQYVpRVhZacVRQRZ2lSJjjJZ1WvjNEtXUqwRag8kSjKkzJlC3FWuqJUtpbB8g/BIxzvF9LNaFPozC5dZq6L06oAESbPZpM10B0JXN+JaFNpWcJjY0DUpzQhskm0TEI4WF6jer1RKDLcnBbwVsNh9Zu1jJZA7L8vNHdNoDoQby14xbX1/+5X//xAAtEAEAAQMCBQUAAwEBAQEBAQABEQAhMUFREGFxgZEgobHB8DDR4fFAUGBwkP/aAAgBAQABPyH/APxINH2ouT6EgOVg/wDcIIEp0KmIGMJuzPcYEXyE1CQmsQ1ORD/1iE5WfFCdhPRGv7j18gKfkQCEsJOizh+ENzQkIejwkOojSQ8Dxw/EtejzbyRdyjtQs9L0EMq8/R+/ft3NgPIfhrOy8KFuRDsgdFpk5KyaaIMpfhj1P379+/XCXRIAyWpFXJJAIbzotjXpZZuRKrdpqLCQ7QR9n/rsmyr0bPTiwSpVzNGOBOL0ey9LLZk4AZOCH8nf0kBIWQnVBqOEphyhIsqwW63BqA61+Nu9X7G1O5Ln1gpFmlJNuyRHNm2ISn/1/uevT03KG9w2qbrepPhocBATQhqVel9DhuXpZbMnADJwQ/k78FpymFpBgpMLzUiA3uDsh57VDE9J4DDzJh5nAFE6tkhB591IPXlRLNEiWkKRZhtJhBfnhIqD5SdhwqLiFmFTqontVwvEldvY7DqoRYIDGSjfTN8A+uI3DlpAEhiFCHJExFpopeaaEulykJc3iM5amSo0kqwhHEhRfzogCqSSSjWjHvd8GKFoxZK9/wAJ30lSu204GaPzHA5fR7T0smCuOEGTgh/J34BaiYOkCWEwtdKYGPqhd0eO5UsB13giXNy9eGBsg8p58PD2tftbfTOQEFMSVDp/L0eSh32+hw9mAVr2ajUsiRdZaW+ebRMVGZBAsuo6ATy50PpCmQubfy0yuFlhyD/tTynquo5fHxA/nkbvm7snn5pyZ28/qr8f7axu8zNo5854yQ24GQesPaetkwWGThZ/F39JooXvf/F7BdqX0EVhPNVOa4e1r9rb6pxCoFjg6Cy+SGytdlnm88GpPtE56l11GHFkCflyxaqHS1Iijk4KaEHSR3rLdTBip5ZEZZNaks5P4dqc/wAzVjUbmpTDzAcuXBQVif3Pv0s09uEVQRD0GT5UbTCB3b3RwHlK9ReAHLDfCfccFDSgBSxGBei1fi78A8bRAqGL/sV/z/71FQJqI+sn21mr7FXeLq5pePta/K2+qcjMkQTEiORHI7NWMSCSZOOa9HTDvwAcyzOQ5BiHS8uFMQCMCdeBqSP5WOdp+TTji1AA0ShyeAj9dqlI/nwzXL5OnDA1adnRqaqew3OMFQVYuEZP0iUU8E8WlO9Yzq4aznGITNnQII/JJWjrYL8kx0VBqAzaTGLBLF2WV4NBSEubSZNDLCu9fi7/AMBX7avwdvAz6ZppgTJAlGQ1H+khBqReCQlmYHcYY1RgbcdQQh4lCx3x3qRGWoxDWJYYsKMyUillCXNfiHvxv3CI/b6e9Nd9Q7j2ox/DJUKjUajShFRxKx/hK3ahLHXasErIGHurpWMHzfrVwvcpVY70C4qV9mgBFRqNRqFTXObDHRzC53MKp6R5w/lz3G42ampqaS7MCu0EgoLAwdU31M4KOVfi78CquFQqFQqFB2KZ+PGppFDSelk0iIJVZjmQChBZKgxI6cuJJaAZoDBWBIh3pDblG+G9FXWQL8x+Ks0S/USgfUAWkrMMHBe2imTFG6Lqnv7Up/grgR5alDUlGQdq/HfVddCMvNQ2Ua4piUDolRNtxMxQRwA5KQ0qFCgzIyY+qd6ob0frPijynIo7tIx0ahwnNhZqM1IizUjmpaZP/EP96V9kD30W8n4h8lPMeHTlTIcljlT2sQgF2vSmjFJ0tLJLZxQPw+1aeG5dkRM9jrT+i+PTlllknyKjQQBeBi0V/wB3+tCBwTKgDTmolz+JUnvUWtNkPQpZkOpRQJQh0mTzd7+/rx1bQPJqKnMsEE0rmL/Se83IBkZFbo9AT696Sp4ANQHiAMbibCZPjzwwcl4QGpldEJ/XERmQB5ISlxcU6c8KbbSL4l4AREKOuQ+Ty4BWmZBagwgIMiMvdvSvVI7t5gV+i+6/Rfdfovuv0X3Td1KbN5qcRU3JSVj+GYYYYYYYYVk+4vumyU5hfEq0SrKcuz1RQzKfx95r/t6ngKpjGsZXs+6gEOqu81Mpst4xDacB4PQcdzGLSByogxryCYf8YbtZ5QZm9pYHg3cwLaKg6YKigguY0GsZ56UvHMstvG/Ood5ObP7pgydIXvFIYeaaCIev962mr5usR35lRuA04LzMQcecd50pECDCOlM2RImjTKFqTRw81/nQrnvSICBhHThFePaZVXHGlViTEN2Dy4HQ7Hcz9PPC+jb9N3zbs4Q3AQb6nsfLzUlkstlQfNcowgAY8rT39OQQgsgz5XntUmxluqPqsf5l6dK19g2OfKe53ksSYGg5JenURh2JQpvdrYshp1JTqPRm43wIYl5DLGkRJuX7v8+MACczCk+2P6JP3pJehzt7U3NzkLToYKBRtVyKRU86Em7D4R8UATBdlp2ZO1DhQZfLbfR5w62qfWAubaf08cHztl21DvnzwXib2hvyoqjg7USIHPMSGnfHVKS6WTdajM8HOryZefI+aMGTDz17PmKbstFISnFtf/GrBSvYD5Obm5ebUx/kZIiglElbr6UBIRkahEhi2CdaDt/OvTlli199wdHhGKHMQCgb07JJ3qFEKKIQWWkoY9aC7ljClb9PezgoYRB8RRj0yNV9tRs6M8SDxSbkiaiajtWSSjJzfLZ16jwMggEm+h/fn1q3iHB0HhamJUJZ3Ss07sQwMBuPcp0rcBNJ/WPOfHC/0siY1d2P+1sfCMVMNl2njvrU9IWPt2OdAHMYd/o0O+tKt8t23E6Nj17q7syHQsp/zry1VCZttHOBU2YFnytSsaPCB8Ca7wiyLHYLw0erE2KctNfj9HBjmDC0astLS2G+9GD0pB36k1wfM9qKGIFPL7qduDwnneDvD+tmp7zYTqOfz1O4X5sGyajyauomzsuqVl0dh+ZP2nC8m0tvNTtnzyq3VmrKmt26J5Uq5mjU3cG3dQIA1gsBXNAB5+jTztUMFTXWv2AuH/blHB0R7zoLkuZ6wC6xBi4xzUpVj6r2CiiUKbig+KnlXaae7RK+h3wLnV6Tcwx2DTKM/JPtWFMDJHkPuoUiTjfI6SDryemPJhKArsydpsFZMTenFFv6RECjVnaQt4ozcQzJAbw5iizBmbG7YxHsrH6HFIJkqcvumjMyCbrxThAlHLYh9Jo0twwYid1sNTvhKaNzxb+w0aN/KB8damwmsnc6NOzCSNKAjQNep+0qaLi4KCd8Hd/r9rU7bMuDqtR9OoaypctSS9n343pj4wEq7FZdqaQ6p8u2MhTipGzLZUT70Rmw5gNHlaeLITzarYPQYuYCtt35mnLJK6qifb1g4TwsWimRONtw8nFOADYRbWciU7en2D4U4o3i6I3hhzt71cMEMjKnyX1a2NNaaR60xRQuRo4EL4iKLbmtPFig1OXagfRQx9y27v7rL4WNdB2/YqL0E4G3JuT05x73NaiQs1YYHKiKLb9vf/KZRgI3A1GNR1m79eiKryDTs+J3odK9cwajR288qWmYLVrGV9uOxyKixSP252/ykoirdWo4ZJ1bXpeDm2CinapOZ0CAUFVluvEMaJ5xCeUhV9sTu5n2RxGGSmGjAlrRKD/gLlh4MTUl9AVSRHoikyGB0EHsUrCWNOjy50Zv2BgppyvLtC+PpRiyUG0EDkLuWaTgTsInYCJ2/wBq2xtWFumDvC8ryWQ6+VOwASQDKYsQyDQESiZGjyrSbPBg7oBUfEkXnXI/qpRnyMr6hwrk+Va9Hy2l4OMyQ7D9dOXSppgd1olG5d5GklISiiL1D69Gr9v7Wr+wZ7tgVdP8fAcjFRoGLyJzLF7GtP0fKatHB08pcpqAU6Nj0NEAInJl2immDtcXp6CyVy2VCI8slTb1LnHCxaAZKxOh1XIzXPYlJGCcmJ7+ghFHGxDdbq+1QwIk5P0Pmmu2SBCSTSSdyMUZEmuANAMAbGPX1m2mlpFkSEpFJAzqhjLCNvNFi7fP40oLpWW/o/GrKPUzaN6R4KWuO3nVk4bS22qEHrPAPkx08vy68lJiBNolc69ePJ5pWhYWq07fM0NwmmTQ/eO/DMl23vO2PO9RxlGYusUlMyr3dzL7aUcGlQroBOoD0HoRRDI6fpPKpFAkOyflPQaSDZJZkB1VJ9S51IEuIRhoDiiF+dKHyUHC7t35XT+/TfdsNNtyzNFN6zcWyn2G3z8yG9IcqaodScOUet/tJeLLW8Q6eHFWAAiBHoCC6xO95pjoJU+idOWDJDeg+yqX5py5eEgUJf6c3zUh7JUPV2PNN55FszuN/iiD+Bo10IHvd2e5wmSJRttHeiSmkZVqGNZ5Gh996t6fBx4z2pKUyuWo157Yo+wdyijhjQqAoNSJ96GODhG0W48eiEZkg5Wl8VfQVGlr0RbdFnbZc+adISKzJE+38g4m5GAMtPwwiZ5R05ZLtDCsm+v1vp2+KjrEEgTh8jOpYED+HIxEA73A7Td3BUc+s0AVWA1qV5fuI86mUpsR+vL8W6fHic6hfwi1ICVKNGt0hazv7Eq+tLKHXW6V32OCLyEDef6PLgKEO2ulsexaHFWo2GxcCIDwejAGHuikMBZn8aqvGD0YhP2UCgQlk9EONyAsmB5Xn+Rdb59uRtudoo/irz2zLdtmTQzTRkRA9Bs00XIZdwMlKt3+GJL9ZIezwLE9JXbqVwRKvAbv453ehzuagKCL/svm6f8AauSltLf0Pz2ompPXhQqGSqazyX4CuYqMoh77L/pwk6MwaQD8uDdAFWNxXx6Dp8qO2BUnkPQ9yPOh0aIckt1u0SkEFvB9KeHCCPwQnoWRSsbMF4T+Z8GHz/jefbbb2XfiGhRkSj13E45l3iVYn3oK/TCEJAbgDldlJir/AFGf3WlBgCLuMHipXTLDb+7zohwNQbiz5f8AKstJgUwVTLaq563HA3PD7SoQjARXQ4OBUM+aTSmZKkVar343FKgdKVNcA9A9BTMAi4H8KWKlKHSAX58HoF9CBolUsOo+oeJFFnOALHngU11/WLl4ZpYLQCEfQAtSkImGlFobQ0JoNnz61pfdeKDiZqkRAFm8smfZB6lCPFsc6g4VjO82ryzX45Af3Rg+hjIDuxD7nDU4hu5+4/hPlq+f88IdsvB/vBS+6rl4vZwY8MaRMIUvJE9qiaIuPGF8ei9+geWHy88VChkowZDLnn6JoixI2yPmlSVcsmAT6RPGxLCLLoTcdKgcCFdiXdZvt6d1Cc3buwF+K0IDyIftgu0K42ya2n0C8SBwynuKY8Nf6D3px0iD4VqBf3BTBxElPmLlcIdx0q/gSdRfTnTvkoUlG5LvD/Cm5Ke3CLfUDis/WvydvBjwVqBFsgLBA8n+UL7hhxKX39fxFAiie+PTfT08l70IHxwKNZEsS5aOwoW0SkosQac5dqHEy/uXI+99BmweKYBA3nMhm9TQD8UPLkyPMaBMkH4J+qMnWPK/fqUQSj8OtGVpT5fwusR/O/D8DY4CW0VfnMHoSp5RC1sKHdDt/KaS4A8PSoqw6hQRU0sG/AUfeX06j6ThCeI9gkT3g70K0oLATKuk+6l9W0l4U/OBPoLsFYiARWJmI3vL0hhyilJD4nNSq/og+qEfSHEqnS5+KIPIz6xxwSbNfJ/Thm/OOFlIh+6uSA1AGoe9YU4pUbYZLdy0PQP5T9DZ6ZubOEUA/u1/1NXh8mF9Im7tUDMv00oNDofd30Epx3IgPngCqL+sZRrBLr6krcINgyurh2Nsek0ByGbEJmpOXKa5yzKeoOasNrvZxLbTTzUqzMqdRdXcpaRp0Udz+qnoycsn2L1a+sxU9isFUP8AZNAtaJfv9pQ7RKjY0PHrccAjnD7j64ERqHmfXCLcEHnwj1kgvW9Y1jTiO8rJE9s1BSM8OMD2P5X6Gz0nwVya/wCsr/rKSpVXn6ojA1IWs9IinDgcEXDVwX+CCVwSMmXSeqMUCGpBH2UUVAiNiN7r4rOLNWHpk+9ztXuJn96bc/6ZOHYxAOk32P7qy8cjoFBHrw4EEw50D7cLeDF1c/k++GPbzAH3GsaVqv6ForrR59K2L07AD5pH6Pev2H3X7D7oX6PenYbAIYEdRPQ/Q2fzWPaAjzw6MIJ5+s56BlgS1Z24jBtGGIYY01KXcMBqtZ2zqn/dBHBBXIrlVBt/DhwKjM6+H1w/U38BHB4z8mF8PAdWnJhxFMdwdvTawReiKtuo1HhxcXY0fefQ/Q2fyyplJ7bH8tSLX3C0euK+8rb5gkizGLUMOMNjNCamGmbpIc13o4Hp/PjWFIjvSLypPCDdXlX0FHn+BMH3WNKpcCQMXCY9vQkYs10RNToZFYKSeB6IWpCSUrlZHmk+BwbPF+hs/kR5rJHSfB/lQgBy5rvL9uh/EaY4gISiWYEf+AEBoZfN9cYLzPI9CxCrIp4n9cAmoqsSMPZmtQqnHt7A9HvvpHHkkeAasxRGYCKMccageQbegPimx5+Gynh6KnFBcDFCEdf8/gFt99999hwm7TEe1+2CrGWyaPm+1DGjwK84gPSj4WBT6IgdvU2TJkyYnVIQLS3jnm88bx5bvEyaO1bf4mTVVsmColEcJiaSXST1/nI6dK2Sumhg9AIDbNftfuu6EA7vBKb3hCJocCSuiuiuj1A1JweiuTXJo5a5PrAKFCgPVPIuBkaTMQbOz0NOHl0HcdawBKCjeBvnLT9c6RaZTly/8MVGo1Go1Co+hFQVBUH8EVBUFQbVBtUFRUVFRUVH8STWHlHYbPKusNGvKoaE511kKnEFrCf2tBH/AN1bSgtP/wAdafUxM0QGthcp0dMK7egJV4bl2rmWRgp8pLozS4S1MmnQYSq7UbcJEcJSAEGEdGgrFhRGpu0MoVnbgxp/KWChQRR56SJR4RAO9Sd1CMrYY2d6JLOAlaUjuoChLBhGjTocyr4cm2SNOB3KAok5GANeDBwltic4hExuI70hIrqsDhgBpuIKECuQlnei9imx4Sq7cJzf07FCJ5xT0cWGPIcpjeKnQXjZZ+YwWm1A/M4Bxy3xgtpzutDMIy3By3rlPUhq/wDqJdKZDeQhKNniRHDXXVmxURt6cmrCUmBLQyJllnVtwtP6YmYogtMC5f1ez9CSIbWTk7DVz31OYUIiAsYAoJyS9fp7V9upS4gWiDRH5vUQZtDKi9eaHvUR5AXpYLoCmCIRhjQ0b+ZBWfYq2ti1pNuVDmXz692A6jQ1p0lgtwLFyhHXkRceAGlONWB1amUCyQUsiEw92zVxzQAZDbQkY5RxPnYTUqyWqDJer0F6y7CrVEc3opYkHo2weWjEG0ADd5EnZW1Td6KOMBQQYJbvIp9wqBw62Wckre9W2zBMDk+HoOF5/mdRsdJcL6Fg6PirLbIpQRLdh73ZauwEhY6rpMF1tsVKJLPeAxr70TgAIgm0A0nbccEFfkbOMBfYZIXbzULuUT8M0ddoNALMZeTUvw0D4VWvrBW5Z26NRyRXupDoM7QB3LgPXUKjSl2w62fmomK5uW0m14OTmEVjINr86cdl69FPcfFXt3xRPx8arXLaMJywI1WbGkxVnEWxXQZPktRstwFk/YT5NRDEwSXAQh50myQRQXWwdwer2foSRDa6JKLYAx7u1Qv2Dsg7Pu5V+ntX26tBGVdMAb3XSl0pg56B0s0XBWhi6Q8n4uAsLo2Jl9zmlUTdImwE/wCKSKZ+/RikFwI6zenkpY5tG05JkkvCl3aBmnRkOk2zFPnwhZNE37xUsYKSbAR7j1s2mOJ85SAGzjcKuZjriEPYozRCw3TPMfAqYvRBGgW7XmnelIIz8GA7cNrUl5Nhm+DxXIdOvBtf8zohA2MswZXdjerCqahK753PeMlJjiG6TcT5DzTpkPnZz48lTNcrX8jZ64AmXh5PM2QEMxkY1pQXMTmq+PWoEesnrF9FKwZN5Xe5V+hNMCtMbN+GIMlboMC5MJqPOr2N7EZ517d8UmGVpoie4URBGiag6eCSB1ZZwUoCxjMwNL0M1g14IYRyud6FmVSFoe/vTEMAKwIS3Bh5+mxKUbgQObYc2rJgqDCCYfdtzobeYKSnPw8FauhclA7KO1MnEgedVoJx+7sfaHWv09q+3UGZQLGAl7LSxqeLGPIos4SjeJgvJ4BTkrCADS5DmCWBgp+LvqMF3r6na5PTTkSUTtWJjFz1Y7UlAl2B3JQw37Vk/DoGIGsEPlq6IcI1DHtD34nzgOYARAiBuFKu0PjBiydIKA0KWQLuZebSzOZDyxgd0o14tyt1MdBVVVkoQy5d6J0SCRpaBa/l7G+CAi7g9jd3h+3voF0CMsJ0picSRiBPCZ7Vi2m1XBz1B7alQeqFrsYht/Risyi3QZ9/BLWuemCJhmK/5Ks5iEalJYT39ImXh5CQiMKAbNP+PpKTJON9mNC7xq9JwgIKsPOVvfS1J3FIUAR3EQBzY4AxWSPzVs68le4r274oYgMYoW60CJ0IkdpXarSbTRiUwdwv7UiQGOUCwNlRHJWhqPDIZXnWANyu6KYeTV2ZWgMJudV9UjaLCjwxPOJaDMy4o9JYHmEm9KSQyVCBEtfDWUOJlJGLmoVFgICEuSh/uDYqetAG5UbmyiqSkUVvePBGEzMHqsRmkKaKEAAHgKJs97JJYsarwnDXi7mJHUMhTPExyUyto1awUSYObxDkHtTEYoFzyWVcD4RAHVE7XmKjcrMiPZZdykgItU5ZlEdaEu0pNiFwyKvyahqAMJgKYOQkWPLKbl1YQJmCZ4btT2cCVyYuag9qQWjDEBnRHIPahtfTGGp1HCcXONRTpNh5kJxX2B4SZbRpVVcvAUNCJg9yHs2qD7syY9ll3GgsybjeXjevQcILAWyIljeav+ZFSAW52UzStcHW4amYgNlKMm6iUrY4GzUHIcZ053JOtlmckbcqvgtYEukx4itVxpO7dVX3gvGWptD4ZCZixu1dsqQoABlXBSZTljLeCNEOnEsN9jdq/wCYFSAW52ULxqT8ER7TFRm/SQLpMeZpyv8ARAETIxCoKSI2YEMm6mGXTNuOodKKJBJJiYyGr/8AhoXGhIF+/Svxv3X437oEgQiwMkmu1fjfurWGYDMBLrsVNFxMA+6FYPF/dJYSLBGdsGpWGGAmEk12Soom5j8tCLi2DdELPanIrkf76bDSYC5nWvxv3Q7H7etIzgYAcxWwc68Abn8JmKEQyjBdAlntT5xECSU1dxodj9fWoE7bMHZUk8qd0wAklN9xpEidAXGySNuSU1n1BSkTl5lXj9Ej8G1MfA5QAXjXrRo8IqFmMPN44pctQUpE5eZQ7B+vnUBBOwVugs5rk4UCfLX437rcGGIJCc7pwyQOH++m2dpzNKLMDZTvUy9BikXjV3pIZGBBIb7pX7MV+N+6eQsbD/VBQEGEclX49Ejd3aU7oJELMYeTwdHPVXE6kHeIqWh5zR6yiHOIp0A2UD5pZOglQsxh5NICFSQLd2j+HgsNdZ5PhpeDAgAuMdHw0snUQySJz1KBsIoAkkSW6nrYZ2pFgaDvUrI+2NyZDbXWLY5TRbNdpiRiGvSrpEc2YmYUj5RgBlynvWPo+6Gu3xbeYmfegbEq7CsPXPc4JnSyYAUZvNv+U8VAByfEXtXvz4Kc7hjNPItqUiFwRcnUKawkY3Ag/OgriI9wm/Sfdu0XO9ice4Zm2InWL1JdZegXHX5cjhkZ7YCIMoXnHOnxGB7mGPCD24pcYPEJZNm/OaDD9GDP+p9vUtjWFTLdiOv+K0MiBop2RfEmrXu/zUCaJgRmRpbGagTMmfBhkSLXWdH3HSgdjnZn5spm0DSJlR5tPjPYHNR836oCD1fFVngA8bOugOypgIq8JCWaQ+zRLL9KyYiSHqUcWZC6oY9mOgUgZKUXaPsfeojhEEqJA5mkFwWoWWweJ6rKcAUoTSeVhbphrL0p4MpCYSTVyUpRqQETJCNBY7V+LtwlJPAzCZ2ex20k1qD4plWc5nkDGk70qgkeYLr3RZZb6RtV+OEh3dzLyxp/Edb9l+GroAC64E46KsVYCVeTU5Vj6PugqEWtURZ0MHFqi7NYsgjnrMp/3gmAMmln+GLe1R9BbsEaOjdnsiGnvz4K/A3Vm/FnCRYUzHa59VDb0h/OaiiG2yMeDUitV0iWRBtrZpoBpYCXnyJ5RqeBIwBa+JpeBozI5LpTCKCRHZSpwYJzBNLtMF0aGoPTGsfo5qm1aLrOo2sTjzRGHA0JaDcanaSF2CeTmcMpCHdlk8Vg7UIRJo0fMCzb8nY2U9m/g2JNp8lJurItCguYJA6UiRKYvCj8KQZ1AMCWRIyp32D8uuRntVgWdDM3VOa/ipq8iQLsrbQoWKpxkSVJMF71KSk4Zk/Y00fP8MfdN42wgUE5tqeaHelQhK/F246pNs0JzrM/COzeiuxL2xPwDo8n8Z1v2X4aimCrcFA4NlDSJEsi2korH0fdHAfFxd5WMtJWMEG+GzVb+XTgmVQ6JjHwp3wg6Bf5dUp78+CvwN1ZvxZwkX5oSMiB0Nr79SdAFou+45xzzenWE0l0pPdO4HSsrUT2QL/psqhE1TaHVfEQl2ngkOHzgL5O0KK0kMgQF1Nla0KUw7Ev/DS3EisQAse7QCtEAuJjPVSW84wGnTjYnSWpEO0y7lQltpRcDe8Ly5pPu/zUtWsFK0JlaVBoUL/DqmF4+yfBV5Qi5kQUE2YO9SfdFcbhHvUT5FNkKE5apQqssCPoAvLg0wl2FjTA94dWg3e0k2I6NGpw+ICaU8zEe5WqiBcIpq7PipuYhcREe9fIpFVwZls2TeyOuzUPcYM8rK9VVscigQBC0Fpm+oOcTpki8IEJyCIktFZb4m6crYyqu9OnJV5C7fdl7/xkdygFZQCC5z0PFQaBaLEfs1ZIA5Dw+FStuAaR+wLWWyCU4jEdKBgxkQSVCwQEisBBUvMme9EbskARoNK24LSJlEq6tC4ziRWlXNTJBqMNf2F7zdUyS3WoRt6CBgroByLUGJl1RekgN0SzOvNagABwAhYLdg8UWIDJAgqyQBsDUxEN+CLxp2eOH0GD6A4KExKgDE/8K2goswqJUsUgRDYgeH0IhIzBNZ+uISWtwWlGu5ZTfvQAjowVolkbI4aV1iQwEm1TZZhJEb1MtwrKEk7x3as4W0KsEA2grKQJeBJRcQmUAn9LSgAsAnQBojAGGdQCeCI21FgNiDFEAA4DOoBPCb2IRQSSf9am0gDMEE/g/wDKja1S3ETg5nmsmnHxP/1z+ZzvoG67fQtRwgEcgmA8EmBM61JqAEIvJEaaqIklEIOu2ggELI6Upk4li4OY70xZfIFQeFFlZ2RvUdgQEylhBbrnltULLTMwMTSaEiZKO0l8hSxkWHVJ/SlXGEqSIYY24XjhdYEJtFsotabXqBp7UMANI2ETMjemO1eQFxJJOqPzjnR9aAPA3DgvaKO8RIZFvRuZZNjeJCOqcpq9hWwQdZXwNaCIiCIyI8JfKuwk2asdpucFcZ+54nUveT+tEoP7iwlShASS33wNXGCABBN08Avbho8Q7e0kT0nnFbAlFHaRe8FKWAU0JlMpGPvxvXog0GGVstxvV0vaJFBtOb9eF6dEWEtdlPKUFARLI6VYBLIUlLyL2+KEu0rVQibC7nmrEvU1hu/uVJoSRkg7SXyFLGR2BKf0tJoNKjEzFShm91Byf+DlvOBvefNJmzGN7CbIi1oIq+gl0BJTcW/FKhI+akFPf4Nb+jJJch2lHSOGKXTL2hmrRe1OSWyGlqPdX32kIVwFzwP2xReQK6EtEzDnMG6zBG4rXj2vbDKidn3Af+vTApJMchfqpOtmMkbSFPbq/i7VggiQQF0i+dygUxeVdiE+3ZoDIBvil744OCLI0UQI3IQmcC2o4FMygEQPGnTUxK0jCLWllu1ePMIEkwX3cH4+9dblA+0ul55c6YVRLxa1j59lKMoqEaXHl8Kivg2hhfkujUB0JrWfip0WHN+Rdz9fC0BlUCTKSbIzrOkUjSpEESSRqbnWkECUKY3kFHAszbkTup1pb4mJlHA9eW3QWE5R2pFUgEFITcicmhrtLB9Yn2WD83ZoIbhbaX8ke9BDBaU7Mg6waLCun+H7qKT3Hk2RIw5zBuuCFKCzHDRiTtWzcYyhkzjLS0sJSgbhKBvJvA7f+BcNGRZRutqFlLDeM3qdXUBGSCxGxpVe/NjFZILOPhKl5vEBdBC9DgMSU0BNcoS4XLeSoV1jKIv2Tblup77SlU0BLEd5tOFW3e4RBixyyOQ51dHCwImCm6fk1a/X2V7H56ydK9ur+LtwuRK5II1woMSWUBrBOQMyPso1QcQYDrOgzm1ukh1Rh0mIKnhd4tmiHbRTnQqVL7tI84gdIcPx96xrOxWM5Ot4x2pMdIQwCIMsL3lNqW7AL8IsDq+Sr3sCMEsB3p1sOIRpdJZ3WpL4LC4CUkiVujrSWQ5dEm2ET+uVBsGy3Cb3U9+FP4WyvyNuM8MRHN212rongcyHHS7s1JhMpdK8/NaOXKCahd5NCPrChKE87WvVsGYSgthyyOQ560/Z0zxMFN0z7atC6N1URFtpM6t9FK1l0kla9Bb9e0f+An5N1GkoGxqCArGhPFZ8GJI5qmYi2ZfUxgKelN7WWD2qjLv9VFnuJtqlLIx9AVJttDqlMmIohPFW9nCgSsOr+DXXo1Mtt+jJm12pmtikaPdBmdY6x+vspTgIIL+VZOlGcEGGjVMUHZoqFtlGighBZc4OVIFRL6WFNBm+bERKLZJs8OhUWuQzYTO261rScsDzFBi78Zcti4Th6azEdMDfyUm7tlxB4oFE5vV2LHUIL72SQ8ETLBCTnFEm773dN4Jve9N9UXdJCBiS9JnJU3OuROQgQ3vPQah64xcpJANztTSnNHSJTIPiigCRKDfbpk61gmRLvpXXytjYpSlvr3eUssc6KB4yRPKoCgQIS2i5AlSFttR5OSSTFaiQiJJqEOlKyyQ6QJ+DxV4bjJqQyTlUTaij8YCKUhFM2nolXpQTkG0g0l3p7w08nfnU/DUrCjJaVy36MmbXaH6QxyC+8Dk5iN4/+lrOv/8AF//aAAwDAQACAAMAAAAQ888888888888888888888888888888888888888888888888888888888888888888888888888888888888888888888888888888888888888888888888888888888888z8+88888888888888+z8888888888888S800/wDCofpnsoYE8slIPPPPPPPPPPPPd2GwGv8AwoLxX1GsPyH+gr8w2H3zzzzzy12hAERzygOlcUcI/gv3znCtm6bzzzzzfsu8BdfPvAy0B5DPPK/XS+dDXL9/zzyisxw5yWSZgJ11m1L/AN8f+chwBGBTGPiTLT3/AI9JVtq64AQKPAQQQQQtxCAQxsDzI+4qMuLZ+rfYwQQZtAQQDgQcYSQQCofPAPLDrjY4caIXARwTKAQeRAASPgAQCQvPpfPHvfr7ZJ9wwawVagQQYIAW2wQRBxYfvPPLIx9anvFoB+QQKQQQQQdCQQQQfbt1MPPPNiNh4OOgQaygVgQRDAwRogQQYBvAbfPPOv8APsLkAEEGMHYEGSaoEW9oFeJ7zoHzzyJ7f2XYIEEEEFAEGfAAFImgFenjPBvzzxJZ6D3eIE0E8EAEFOMEFFAEEWf2N77zzzx/enLUED388MAEEEEERKMEEEHzzzzzzwbxmC5vCO3zVIM3POd5t/8A98mef8888888/fvMsMM888MMMMMM8888sMdc8888881528x12/zw+ww062w08xx8/wANNNO/fPFf7Fc+yaiuQa3+H6IulqBbxWFNvkwuvPLG90q4ewb2gGNllqhkZq1ffmNLKBOd/PP/AP3vnnbzXrrnXbXvH/7n3rz/AH88+1088tgoc+AAjwI3KYm9rcE1UHu7hEYJ638888KqTEVKNQQ+HWtVusb284UOWQ0rfu8888884/64d473y73/AP8ATf8A24xx00yz98888888YoV3r+LIoYmodGCi2Mkuzv8AoNfPPPPPPL/Rv/3raSjXLvi3H/7LHvH3vPPPPPPPPPPPPPPPPPPPPPPPPPPPPPPPPPPPPP/EACsRAQABAwIFBAMBAQADAAAAAAERACExQVFhcYGRoRCxwfAg0eHxMEBQcP/aAAgBAwEBPxD/AOCCMty/f/P/AAVAlpntQmnFO+n/AGUe0DmGOsr09LoHpeWZR1M/rn6XkyujpS2EW5NILAM9a/2qXwXCa0/2qQnzUjFqdyD3pm+av9qv9qmCMIvszJ1tSQd37n/Rw40c9qhvSdQGHZlQCrWP26/ugCq2++RZxJuvji00MypcskvPpn9tKM8ylHK+fTxaOA5JrSE3mJjhmtplh5Regi+Q/VEo0abIiKWjhwpz5Mlb47UBmwDjIPigdwF7E0GRt5iXojEVMcAeBO7v9moliY2etAJPzATOTn9tWhkaS0RdTPe9TrtMfc80pW8g52HvPIoG5UDmsVhpIOQR6Bl8/igS7KAl4e/oUF2ocsjTsHYrofm39rNXlNeQ9j0usJPJdH4acjKMtEkdY+vosoZX+PFKc2js1q3pcz73/KSoUqHfU34nH3qyRA+xWVIsktrWme9Hkg2JlxFuCLHehNkXsk5WzFgyXm8VCpKnhm6cd6LoslHFA3oobauxrQ4MMeK8w96kqSkT5V5zUZ83sehhyrJWpd4+TpRQBftTJx40C4xuJR0Mc22fz3pST+EK54zETrhoJAd3wUUsFEzQJrQjJQe56RL0nOPhSrqYTfnHxUNSnNq0sEzdyMHHtW7o3JF4sMeKEz7mkSykxM91ozMBnMVK3Aysau/Cn/e/dfWf3SpHvfulle9+1RGkpsvytGJztP8AKLmJwv8AFX5j4S8OeGh6RovC9iotw0dWEpOOW5BMcICnJBxt8NN6TcX+D3qaM/HOsdg+9s0ddzzx60rkKepWGNO250p37GOmniPS8UARYL/LQafpyMd80EMStCvRV56HTHelln0UM1xsDvr5rHyez+QJ4SixJZ5/2rJoKGki1GhxJDy29A+Wxz0oZ8UGdbm+aAwUtpSGWkicRz940JKkNmB+Hh7UhKEslHLfG/3DQiHJ+/fFBR6JVxbvYbddeHOpEGKggX4bcXj7c8QgyvB9PwnHleH61j5PZ9ZNhwFqfIcRPVNFSez/AGufDyRUOdoO8E+Z9DlLFQOUMYaWZ15FCo0t2fRYpQ+GPPL94+khSkYHnh+mlS18UBvZh3NuZ5KWK1x94VBLng+X7enCpXLQQHEfL477U2KhHR5f5Hpqekg6PJ/JpyOT2fU5W7SEpGhI0fRNt+xV8lcuhw50ssvo5CniQMDLYYvQSuXOnLhRiShNy0cN378V1euLq+sKhi7NubR64elOioS40wiG5+8cxTNXfHDpV8Gu8djr7DRBBUFNgFty09HPoEemwI35a1MeT2fUkTPAP3TNUt4I96WWfQTGXQD790ZmLHqJYqSGbTEc6JWVUemI7tK3E+vJ+8thi0+A2Pv9/DEIIpSGt+Rn9U1nzd5GDv7VNDagjr3vjxHpwcHvp5pZZ9NHufs9vQYZrjcneGfP5CRxWogIQ5nT7yx+LStQ9n5rV2IGW9MXYWNBw4/c1N2V1jbn92rAfgJKHe0d0/FQnYDwPzWahI0B2PSNOV4Pp6KFqhSjSkeIpUNH0zWj2R/vqBIVkF6jkyU+sMsgmJzQCJZdDdXfx7VBeVPS8WoIppa1z0pDmEvi/wCNx9HhvmpDx9gKEpStSgqIdHl/kejskNcR3pFOXoppmHt/vqEzdp4JJQkQN/Uc0vV+A2Ly+m8xd2KKq5M6ttajXCe7PopmDUUfnD97/jcUFfj4qZfQYrFRDUVNhVty0/LN6igGXKFJ16SPtR4Fg9MFAOjXlSlcsdX0EGVYOtIWYY2SfvHpR0LAXNvusUJJPJKgDDi00fZgd1+/Z/BWrE73719Ru1k1xCD4K4ED3weaWWfQ+ZDxrhHeonEemb89TT3wCH1YGFLGnG+1QbuPIzRMbzJq7EeS1NlPNaJlAbfhBJoIRpSn0lrNUs4R2YqFOV4Pp6BNCmaHm9cChKGCe1/TJ+QKwUgIPwPvCbUMMsI0lzH/AAnilTSo0rq4daWGHZoSCi44s1InARPyVD6fugBfp1oIj0FsSRQz9PenS+3WpPt81H6fuo/T91H6fuol12oSy+xX+EV/jFHSs8ikLMuW7lAFoBZU6ZwRmggCz+cVCoVCo9I/KKj/AImLY1LNXDbjd/NCUTtN6vsEnGh4RG82pIFN+JTEE8mk7J7lJQGeZXC9yptAb1Fcm4kVpGOZWAnk1IIHaashHNoqXJwrARzawk8moWTZJPamII5tGyQUjk9yh8HuUOaC7ATsEX777UVADixSAxDrNqHAA8aEsp2m9GDi6KTQMkFFS5OHr9Lh6SNnAdERnsR2rwqwQ2BdyB3IpblQDoJ7r4oDS8OS4vtMVrXgRE6z/Kh4oVGwxC8ImHTrV6srm4keRyx6eEMslyUJSMWAOlh8T1ooY95Paly12eODqfusKyXspn3RaLI6VIVN3iFlzN6bWUhPJIr63BSzYsRpn+6npkBGm1BkDlsjyUt1JQ5WW55ai5YRGlpd7W3rV6McnTp81NTqvaVRmy5cTlV2qU1Ingv4sVnOL9rPx6goDHDGE070QkSAnUZXFEZAlL2RASek/wC0OxNy+8jxUIMBGWLZPmoWZhb6wz5aHZMSSarmNqh4Shu1F9y1QSBbXyTJ1Gc6cqhNAAIykSxYpMEg8tEHxQoaxCdsMQA3f7NRCL4Bs7S96jLKUX3ZPM09C6bzdIl6WChrGpLGY/VPYAgY5Q0Hla94HmZ5xSnBiyrF1moBAEDqE22GhYrN7a88qIQlOtru9RS5Ik/VRiQXuDKXzZFvSLmJVvYA1by3oqiABOoBJ90qyxZDe/K51DK57xbSfmM0wxDCzeVlB4OVP9DmW8JDbhn1eCDK4r/eKZjujW9caETJmpXDYSe1KFMcSjAsDJDyaaBJxKPRFzcscaTvNhvS8xLJJmjE1sMkTzoUccXm18d6hocc271ERuF6hY3G1S+mwk9qYgJkkqH8YkZvTUiMgzSwhc3LHGmhgyjYi9CsHbVC8blteoiNwvU3AESZ251IQ4Zv2oaxyJLV5qyR3oMBNTHq5aQTGbM8dqfqxm8k2J2jxT0IAGrA2OuKAIpYKs7rhQyLLpZlLt0ZNKnDkgZiGW/HlTE7KOUD3GnRZCZiMTa3zSkLBkkWB2LTqnSlCSJzqRfkzTrC3Yhlh6bUyhYR0B+8Ki1iUdgPmpEr3HJQfJ5rBzV5Hup20nXmiEqKFyVhM+JxV5skwzwJvG1NVgp1bDzJx5VM2UXkuHSTqtTiiLEXJBLcx8UZSW2lYNSNfimv1G+mhOIv4q6eLicUSeIqdmQlxExEW96dKkJ330C8wXvXBl/DH9KJuAg/BOiU2vNyNooB08XRLRoU+E4JKoIRycah/MZm6AkthigswBiJszI4qPCRM6lzHD3ofAxmZixG1DHhEOkhD0aMdDgFbGlwgoADj3klI4i1ATEgZtAjprJ2oErACZwWtveoRgUhmYYb23KgQg2EfFIUBUb4tTYR0iW2YJiBoS0ykIYdLFT9RkZW0Fr0QIk5nXkNABhBLzbMW1qKcikJm4jg2aJZaS8FoRtr+qifTwmYJgxxpTCBEZsS+kWblbFdMX76J61DfoXkxhkvNYV4tOt1lurWmuG89iM8fzNKBKbH1xnhRzhjJZZN7DUZdhZZ7DUQ7shO0hSC7GReNzjp9RQ1Ysk9wK+r9FJBWKhbIidOJSmCMkfAqfRdEkt9oCfFSgkAtk9KbCBmyx1BKDvI3Gk2H6OVCs7JnNqTxww2T3CpTE4wx3iPMU3jjNl7EUJbCJtqxpUCkElrjG3CnQoZ37MNLpgUiHJm8R5oWZOl18DWfyQguInBbJmtoJNkzMZDb/hNqkF7oxlnpTQiB1QEItmXapGbpXQD2io0FpS98nOrTuMyCsEko6xWHJuJaSZmSSH8mo7BlddeNQThVlb83Kk3ypnTE9KENyflKfdqOtE8jx0q1CYkQxe1zJwzntSKECSFlGWb+3Csbcu3snJDUwRSel080ZcHbCw3vwXtSaMtxeMAxJeHtTUBRdViXTSokV2y7TRDSJPWoQsKzuDwKS7BJNYt7ylWj1MIRYL5cR0o4SuC2BMhbNkX03sQgLwMwExfjP8AwCiGaIUjBuRmW13Ws/ZM9kPsqwjNyWycmTJUWdDSIRkctLL8eHWMsDrGa6RGJm87lS1q9JmY4m1OPwnJFCDBBYZjBE461ifQxwUaFcgjqGSY0msF/lu0HNkc0WxnmIze95tJBwijxTzBZ0brNy1IJM2Yj+xPGOlTlKRacCbm+axw1IzBGJ+ae2eoXWc2zRfwr7MxE6sXmoGwzez3QfylLhAWImCJsyWzmazZAuOVtj/0v//EACsRAQACAQIFBAMBAQEAAwAAAAEAESExQRBRYXGRgaGxwSDR8OEw8UBQcP/aAAgBAgEBPxD/APBECzDZ4r9nAF0/7grRKt3Qd+jtv/2IXKXseH0oPXg5LAfKcKm9+AMQBVwlADDCHtOSdPD6pwPWdPAqrM1CAjtbGhrOnnTwUwkxyaPpEqaV9n/oIpLQ+7QJzKRWdWR6fY+KYPOgixjOUBLQUeCuHtT5ntofLw/k6ztg1XOZ8nJfODuJVd7mCfCayyD7RSpgOSErVqDGsR9kF5PuOJqoeYnDKVhq53rrE2mk6tcpfUJrzPSIqf8Ahtm0NmwHjH1A3jL98EOkRGd2+DKeh8xqfKII58ELH8uJloNYPdXtCR0NXnNCe3fE1uzhQuBRyB9xzShOwy1uXDJKePR9+9wmNNzmTbUWdn8qZTMEbfLyNnmfcRYjFA/YEo+qWCs3fqWlMO8mY4rQPRJQ0QzuRQc2PrRGe8SmUwNY/G+Jm+zgaahkYyvKvXkwKINRJa5XR/UXBW+WfiFHK3Nn/fiJTX4XrbSmLuttTv6RGNBeKfbEgeOkt3RwHRTxws4jWLkHyXFyZMyFtgfsmWOqrDBq6unmAFWXWEIJXwIfVrLr9RTaOIyWA6BOr9v1Or9oHm/tC1AdD9SyFpVofRFF1HOrPmOCF9cfcOGJ1Y4vbhsxsPP9cXvYS7BtqlXBoCuETbraw0wemfshiIeuPtlK5qGl/wB30iIYfZ3HtLI1adoyraWjzz/evByG8DYlDUMGSoMvbViFugdLy+uvttCF2K4Er3KiMmiz2z9fk7KxmxDU7Rptgs9YRaDFW61l6XzgAURh9Zfbeo9zQp015RbeCN4N3NqHo7f3SDUynOg+zqe8JWByv73iLxDOmpFRTn6S14Jz0exLB8NXm/R7y2dBf6/CuTAv9z2z9cWRQbMqvXvxL1ZOxyH3mp2tr24KBHZ226x+FgLq66Vt3hZ06+QeAXDe6tvr+6cKJfW9bp1PshLM1eNz+0lvZmV0Pt/bS4DAgNDg0PuKuG0Z8PvxDLL43a4Atvq/euFcGjXpDXafritCDkyRdZIcD5+34hTVyOfXtCPSODv2svoQI9OpCjm8vMFgMaOXpq84ipjPDlevT++4hP441McWaZ+x9nrCpOZ3/wBg2y5gEdGX+6zMlYeg3fTQ6xFthuLL1S3u8LruMPHCjzIWdyCuw/XEdS3NlUoO64Q6QVwIbBHNlacy39djjb0WtjWIJhja76m3mKTQCjvz5wK6O27n9/ozH7zzfx1b0MPs0K7uktVTMdf4RhXsvTX3vgxhqkITsVFAtmoutfrgavcqM7tfyfk2yFZrWIOubo5b/i6GxfX1NogLdiU2Lc3X6lDqTRyef9+4ur8HmLzE+FQ0YROQfEVHcvlvhSswb/XAlthgXcNwjNw4Yx0R+L4pBidYzQeeNB/gf9+e8GzjZOhdaAPnsR/WPl5Acv7rLBUK+Ityrl2+4NWhr8Y6J9z9UFSeBymqC2W4atenB2VjOmgUqDgbuMn3xalDiMpztw4HPkp8MqsypNCq839cCDAYOeYG01K5Zl06/GOAxaSXa+g/idqHyr9ypdD4j5yYiWRg7NW938v7OjxTmnQYTF3ZhbWZeHt424CjuwzWnfY4NjgK+kyKtvo/3pGzCq4ecbpz0ZfkszxnuuQf39X4HMoHQntj4ituhOj6PDGNNUgidscASbjpMLG28+H9nR40Sg4ug7vsZfo9YWWWz/zTjt8DrmtTEsPah3ZbQdpiW3cIDQ12CKHtfwNtEoME9sT2x8T1Kec/crUYN/rgAV2l7tV4TJu/D+zo/lfmiORpdDkft3/BsJHmXKBQZDvRpff/AIEK2YJuhwvG7gA1I3IUw9CoZXW650Pn/JSnkrX/ACPc8EE6jcEFcdf8iQhhvX/Ijs8/5Oh8/wCTofP+TpfP+TSAEygPNtgH+k/oYkFD1mnBBz4Y+hOrmPgi53Fap/wtLS0v/wCEC5Fs5JcVHIYPzHoVc5gG1PSIWK+VQVS2OkPtCDZH4YgtfhnW+GVYt5S+YeSZmXJfZmnU7wqCrtNcnsR2hU06vaadTvLSXmprzM+jFaFsG3+GJavwxM7zRLaN1vHjlHrC9C4NQr5VEEEp0lWRXOo4ehuDURULY7Qrj71+E/uc01U9Hqh+FvzwuRZeMP0RgGnK+UHgPeKbgJWw451eZrPq7uqKw37yqoAOKsHDrdWb1LWeksN3phge6WT+RzwxolHssejzhy5Y+tKeGvSInU+EHRRt6no61PawXFAFfC83lconoPS7CtqxmCZStXK1fvP5uqF1Rt5s/wDKY/5N5vZjIYmmT2agirUt87Od8GDMJoBXe+aY6ZzuTREV9j9/Iw6UTzWWgkZDWtCuvfWUCutclj9sJ/Ap+T74q3UvGddR36iS1IWY2Wga+ZZ2giVmxUQvrXr0mNBtOVG885drYJRed9+3iW4VIUW1ZXsSigGlHVo+rpN4RClWIaZzSXDutIvBZSnfRK037wwbcXWldFtvrXKLfKNGbE84PYsdbOrVVTBsS+XhanqoutNImjUCuQjvuVHJbl40boy75WM1saUXpfU5xAQthfRsiDQ6MX4bp6XArSxQF0AlOSJZaW1shz5pH6uQ6Z2ad5f7RWmcGcTbGF07doINW5nA40bE07QrDFigtV2XoBiWunUltJac+vqzV+tjGO92l1lWMXnpmupekVzZYVigAKPde83/AAFGocZW8mOJxyaBln/roVaTu2w+86DLq11zlZxzUHmDmRzqiZWoA2dzaDnx3tGBGBY5enOHyDuiEMpLIiyRQ0cpTddtY0am8BnGuOktsOg34lwfISmEFJsFsqOOaIeYBSWiKmWM6lJTUMnHRRBgYjgWOe0HsTQRFvpALfK/UIrTYM+JcHyEpifWt2qufaLCqcjXLWIXGhpzvifEw3z0i5gbOHjVJsXppX3AWsrbGUaX9wFrFUFFvZd9NY/AprAKwxhYIYUU0XgGuTuyjsiBBpRYcu8oBonFZF+kIYxU1RnQZz15Q0zKUM5UXVzXuYbJGDGzeO5WGEBeql2VkrrKA5YtVqh3xv1l4F1Tq2rXXB5mPMMHuZPZ9p/c5T2nwYT40hjYNjEENQLAm+M0ZmOVQUAN2sWYuBRsI6g/DR6SttJO5xfrn0CYShoRwlol9kfMUFAZrauab1PupqPMMburWt4fM20iHoIE8iSmQ6Blxd3TpyqEPkVXLl9ItdIzwz08+/8Ahca+0t/A9vBnFYb7x/ZNdEcqasGLuIAWqI47QrogqsCWsuzkjqMou6yZDXeWzBLTZw68sRz4KUVeUd5Z+ZvoW/JM2TW0GurjVjxxHbVNKTnn4iQgjWmbRN9qfMeAXxpNTnyxM7kliqxemeT5l4KirRPmKmQHBrkqG54FWultaptcYcCa0lm+WUIApKDNucR0NAYrZ6xd96jijlfaC77RGgYRN+kSQFBi3NiZrD9yyLIGqtq9+kdlqAVkNmL5YZs1jV48bq9JbGStNXUpwnxNYJ6xsUYMATfOeuK+TT82ioo83+30ldZvTkKeWUl9BqyFeUl5XMwnrS1BSms7XyNbyZ/hc8GrhrvSwYsXn9oJZ0Cl6G636MWMmjfZuyr3vpoxzziPVAVb0HrBzVaOC+wtxKdJhIABV3/aZA5Vsb9YCtks0ceiyjVhe112u/aPEVo39mPlyUXlWu8RUrpzg8tYeU3S9HsmIfaKm7N9MXftEbQb4D3SKMxqKGumrnTadq5kbrsvP/gxgNHGF3ehV9dZa4X2WWbzpuzKKMIDsr+bJcEFwwxo8HzCcq6AtpBYdLuY+9jqKxVU028XmpeJTjAVh5HSVEAGgY7JUCap11fOMIpC+B9mA1YGir8nv6ytAcOw4pywDasnSKwKbsKGwprbr1llKdDZ0YcSmwElZuyj3xFqlYd2XTHUPMOrDdGOa6unclWbboALppvWWWu2AoxtHhpHO4ZlJyGmuT5ShK1i2vPxUYPTDILalaOiOtTClMgLR0WdMrx9K6qUKlKtXjpX/BAl6TawiCN6VqYrpAFWazouz5RL49NFGVaOjkl99fe7EBNCUwQameV6FvK9IxvWXVYTk84hJp96qr6POXyBu7l0tziSiBANVerda+kQREJd8zWK3MuLel6NXvU1xDxyPSWFVdC6O2yYATTR0BRis1lzqssvbZYK0TAVhLgEGAVl/l10v1lVGt5rKjejyi5ZbU+VbdoqeSpssCtM6RqEvQO9Va1sLRUOqy6uFcs1eIH1kBdLbrJTnTSoSqCgM1z9X/6X/8QALRABAQACAgEEAgIDAAICAwEAAREAITFBURBhcYEgkaHwMLHBQOFQ0WBw8ZD/2gAIAQEAAT8Q/wD8SBIFNBZV0H7THHy/Blp9oi/6H/zmxHa0BVfrBf7lesFFWGpLFuHZnJAqoC2K7ZOA/wDLcdKfibf7mNnQo/gym6L9/wDs/mxXJXOILjVFqMCnmXXoGN2x29IqInB8ekQNz6bihVBV1X0DKByZtKDAfc5l3lZcD9PNhKHVVwcT8AwYMqLeCve6gfXwZeEwywwGsuhUaRhSLAFBWCnZvAtmVCZJ4a/IMGDBgw/FjWloiKWMY9Y63SscnUKdxkECwoilYjyr2uAhH7wyB7DJ7B/5emuh/a//AMwE7RTz/wCnH69T4ENGEk4U9t4qHFhXIbUiv71/38P5D/X5pc2v+d+fCNs/UQwRDRqjSKYpVtNgYbVU2k/N+/ofDCu1LsTfsL6MratNzCaGh7B2DpwHj+n+J/46hzhv0dFxXPgfwZJs9PD7OObHim14xX7YdridoPgMOTEJTWI1qymFZ+DEc3+aXNr/AJ34cI0xZxRKaitRlYsAlFvgufY8rjNprmEEuQbmAFUA9CGlAY3Negp98OZHQC6LFl5mMggKuE0stQDAYlml6WXomwViALt59FNZKkbkdDCsFWGuc0RIKrJBSJ8iGoWEJ8AIYmnYpptNOIpy/o7/AAPR0VwNm9XxG4UhptKRXKJCukIKLBIEYQFcpjKqmH1iNJkRr8UztsN/5gJrkSI3Y6T2wuoeNPkRXJ0zzrCKDKXi84q1v/r6bRuj/Q/WI1Vw8HpwfOBChODO7nX/AIfyv4pcKeFT0f52X6xZrAeCKU3dY7Vig2ckmtO30PPJgiViALlFBxIUFgoHowEKsdz7A/39P5H8hgWtXKBS8zIgaL83f649ZxBN3BOmv+Hv0qboJjoV6a4si1ULoBwVdZyUmUcK+kMKSFBU01Vli2heiQ8bFCaa/t2G5nDj7RNU6+k98O1W1VfZy+ffuMEBf8yURwLK75SatdK+9+MjcTWqvuqsCGPfl8rlmm4Ru0vDk+tB8+j3EcOPSApF/D+d/NLhG/zvzfRkRZpAkoOAoAVSBAVTAAClw6DkUDDA9P5H8xgUuZkbP97vc1ptJ10gXS7NkBERNNy+kCVWwypDsdAwJbrWFdCDyNm5rCbiRPD6a/ijXaPSSD1V0hhHaq1XvExGQhSIiO28kqXqnAGc3RW8nv5WvPD3kp/zcFKKdcSeyU+8mbKkvkpwjRPI+i41HgO/6/B6qT5PTaePQ4Ra7+MMh0fgxXK8K9XT3B/XzR6GRQ2Ls+jJ+k8+gK0AP6lHwPo0QRCqrAwVwt52Kf0nrGD/ACd8pAAt3B5bEwt6Dk6K4+E9zFTwsddBpFFh6oIMwAIEPRgywv8AOYFggKlICCENpBHswWERVtqFWC0qhZQ9I53YUyNP0XAsoLYYRpFRPQ5CMmnBdBVOn3C76OeohiKJ8JgRawEo0s9EX3nNwf8AMgkcdz1jgfy6XD4063REERHhMJyKBNlsPcQfrNJoqXwG7H+79DQ+DBIVwxHPfosPbx8Y8fgTPCTE1DKGx/8AdK3segoBzHOAjsgNiFER2mwhN6IJedrmOMak4KlBoIEDRZcTFJbglHl/lxI8lJ5QbX3fwjTzg/H+R9SEH+OzpIloSAjEUEREAHUGXgSeAEiAVok+h07GPAifKAe4yHvwwaBLltNLgG7aE6gDXhQPYEoj6OyZZwoY10X/ANcPcCi1Vbf2MVD/AIFDEsS/AK6FHCWhAUPE6fHJ1dGcM7o1rocr2Y4nSaFH721PI07yrIJ2F4Hg9kHrWNLDnh/GIhUwhAr7Y4jA4wOBD8KBMBgHVJuZtkO4S70wP7kuIWKkEDoRUAkyMjIzadErRX6AVeAFdGFbunQEf2cOyFRjNHh9YwFM8MN57+e/nv57+PK98dByIwVnNG7wR7/B01DSAy7QD3XGbx8jqQVdqUexPVZJGGKAvAHB1jRKpFDUcBKq0NRSbv1pcfVxHVFHTZwsHis3ubx+HkwLtbjsBhrvICikWNJzG/wQyeAVADtc2dP7cCpSFQvv6flQ7aNb5kF5ML/9PTDlb8Iv/wBjlwt/yVXAECHoMwcbocZto6BZo8lR8jnWODdf3nfyUDQGj5QAPnAC7wC4sgJ1h+Ty2aXQCOAEgHFwF+N/dv7MTvK4GfZ/0wBw91j2rieYX3OcD52D3Xb4Xm9xmlGyzLCAsFnMHw5LLzhjFyvRNjah1zOq4FmbmQRDDgVVqLjRzr47+3f8z+3f8z+3f8z+3f8AMQ+lP7GC7lywywiyCnMuuPT6Hbo5ui0A62s4m9ELtbxARXDkYAo/FRMg7HihcZ4zvsDT3ckp/YvzKvphrNsBGPDvFCsOnquQUti7G3CioyoqUIRIiUyvNEMF1Xe8dFadac7rA+M+LGOs499NDHf9BcGA26irraOsVWqr74G9Xk7Zj9PQqRGXhXftH36gfK7tA/SZY9dVkbkV7n9vj0oKSfaI/sPQOw1cqBewB9NBdQKmAByq4jUMgEgqDKATQzIB6XSmlKE+/wAfXr16i/rXrC1gXLzBpkMef6NTiUc/vn/c/vn/AHP75/3P75/3P75/3P75/wBz++f9z++f9z3i+b+MaoAUc8aQfEzqsxyQnaFqqLNS4Ow+qNsKRS0EooRZQD3UMWP/AHl1aYb01Aetw/6BMQgVPqP7JWPb+ByPstYFzFoVQEwxMIVkQpAHYAWwG9R35y9h2U9DWTuJoLTw0YmLEMQJTrF/VljB53QmxrHZxERP07jgHgwQPpYPhHwJ+k4yExbKaAlL2FynNd54xOLvVDztDDeBjjCTQQqhXgp3QIWGPiAijkTzh9CPRBoj5xlcOm4UOiFPZHvBIBVsz3nxBjf1ARRyJ6Qoh4W7/kFP3mj1cePvAqh8+gP7p9vpoUhmbUT2hP28eiuxEC0Xh8xscnoSAsUO8EfYDaI4oQ/2IViN+xmhhIRGcGhLB+LZykAScmkJRhBCAkot+1Yqc4Px/ldQespFVFvAVjhWjUxtWi54VHaAfMYiYHxl/f3vhI0xc+wO2GJeTbs8h+EUa1m74fSQqBwUaWiqqccn1huM6UiJqg7XmAViHzE7YTdBIxXzkDXeqr3/AKQMA3gfQiuMnvlwxVb3Bl40NIGim+pTodAB7DLGXHWVrCdqVg+apXtRv0GFiJOip1EflOp6LVDmD3F/B5vh6Tbc4Nm6egQDtT05x46ekVhvhSQbbUYxF1B3iFUg5RV/biNB37TNvR5ejFgATzm/uS+3GChfl0k0+C3xQecSiKrVe85BkAKlDt2ByQNuNeNcoFajllSFSAQIwcy6wfcN+sfAtQ7V5fxb4MDkThxVWdRNl5ovzls8H4/zOntlZKKN1VQhAReTKhioyVS9VWdIpXwseauHoR2Ilssdn5641nESHixCAu46EOBP7t/I46X2/FNtI2eJv8XIv/w2r/uOzLGPYLiAkIhoCitIo6cOHiraWtKqgr8KbwCiIomxMUOE0jht5Xjl21Bkiu3SWx+H9lO8ov4OnwnkSI9iYTGIaU6JeGLHpj1g6iEiBA6DEEoMTLmAY1u8IMYQQodnm7cE4Gc+lsYvLgnluw41XYMTwXjA+Nq8AbVAq4Ux/dEwztVe69TGVwCQACqOgBVaAVyYECwiIC7LI3lQKCQ4lpZNAAE8oWPj83TZ', 'image/jpeg', 300, 2, 6);

-- --------------------------------------------------------

--
-- Estructura de tabla para la tabla `cfg_c_fisc_interfaz_conexion`
--

CREATE TABLE `cfg_c_fisc_interfaz_conexion` (
  `id` int(11) NOT NULL,
  `nombre` varchar(10) COLLATE utf8_spanish_ci NOT NULL,
  `estado` int(1) NOT NULL
) ENGINE=InnoDB DEFAULT CHARSET=utf8 COLLATE=utf8_spanish_ci;

--
-- Volcado de datos para la tabla `cfg_c_fisc_interfaz_conexion`
--

INSERT INTO `cfg_c_fisc_interfaz_conexion` (`id`, `nombre`, `estado`) VALUES
(1, 'USB', 1),
(2, 'VGA ', 1),
(3, 'HDMI', 1),
(4, 'ATA ', 1),
(5, 'SATA', 1),
(6, 'IDE', 1),
(7, 'DDR', 1);

-- --------------------------------------------------------

--
-- Estructura de tabla para la tabla `cfg_c_fisc_modelo`
--

CREATE TABLE `cfg_c_fisc_modelo` (
  `id` int(11) NOT NULL,
  `nombre` varchar(30) COLLATE utf8_spanish_ci NOT NULL,
  `estado` int(1) NOT NULL,
  `id_marca` int(11) NOT NULL
) ENGINE=InnoDB DEFAULT CHARSET=utf8 COLLATE=utf8_spanish_ci;

--
-- Volcado de datos para la tabla `cfg_c_fisc_modelo`
--

INSERT INTO `cfg_c_fisc_modelo` (`id`, `nombre`, `estado`, `id_marca`) VALUES
(1, 'LX300X', 1, 11),
(2, '2600', 1, 12),
(3, 'TL-SF1008D', 1, 13),
(4, 'B1500', 1, 12),
(5, 'DX2300', 1, 1),
(6, 'C2660', 1, 12),
(7, 'PAVILION 763K-AP', 1, 1),
(8, 'PAVILION 725N-US', 1, 1),
(9, 'K639', 1, 10),
(10, 'M-2400', 1, 11),
(11, 'M-2400-2', 1, 11),
(12, 'M-2421', 1, 11),
(13, 'M-2421-2', 1, 11),
(14, 'NB-3100', 1, 1),
(15, 'MB-3100-22', 1, 1),
(16, 'ASPIRE-ONE', 1, 7),
(17, 'ASPIRE-ALL IN ONE', 1, 7),
(18, 'SM-5000', 1, 4),
(19, 'SM-5000', 1, 4),
(20, 'SM-300', 1, 4),
(21, 'SM-300', 1, 4),
(22, 'RM-2T', 1, 5),
(23, 'RM-2T', 1, 5),
(24, 'RAM-GN4500', 1, 10),
(25, 'TRSCS10', 1, 6),
(26, '1A4000', 1, 6),
(27, 'TCL-100', 1, 9),
(28, 'TLC-VIT', 1, 11),
(29, 'TLC-GN900', 1, 10),
(30, 'MOU.4500', 1, 5),
(31, 'MOU-300', 1, 5),
(32, 'MOU-3100', 1, 8),
(33, 'DSK-UPT700', 1, 4),
(34, 'DSK-UPT700', 1, 4),
(35, 'DSK-9000', 1, 5),
(36, 'DSK-9000', 1, 5),
(37, 'DSK-9001', 1, 7),
(38, 'DSK-9001', 1, 7),
(39, 'DSK-900-67', 1, 5),
(40, 'DSK-900-67', 1, 5),
(41, 'REG-100', 1, 10),
(42, 'REG-12222', 1, 1),
(43, 'MONI-HILLTORE', 1, 4),
(44, 'MONI-MAC300', 1, 3),
(45, 'MONI-MAC-V', 1, 2),
(46, 'MONI-MAC-V5', 1, 5),
(47, 'PORCES-A3000', 1, 4),
(48, 'PORCES-A3000', 1, 4),
(49, 'PORCES-A3000-1', 1, 5),
(50, 'PORCES-A3000-1', 1, 5),
(51, 'PORCES-DUAL', 1, 4),
(52, 'PORCES-DUAL', 1, 4),
(53, 'PORCES-PENTIUN', 1, 8),
(54, 'PORCES-PENTIUN', 1, 8),
(55, 'PORCES-DUALCORE', 1, 10),
(56, 'PORCES-DUALCORE', 1, 10),
(57, 'PORCES-CORE', 1, 2),
(58, 'PORCES-CORE', 1, 2),
(59, 'PORCES-CORE2DUO', 1, 11),
(60, 'PORCES-CORE2DUO', 1, 11),
(61, 'M500-WHITE', 1, 14),
(62, 'LX300+', 1, 11);

-- --------------------------------------------------------

--
-- Estructura de tabla para la tabla `cfg_c_fisc_mod_marca`
--

CREATE TABLE `cfg_c_fisc_mod_marca` (
  `id` int(11) NOT NULL,
  `nombre` varchar(30) COLLATE utf8_spanish_ci NOT NULL,
  `estado` int(1) NOT NULL
) ENGINE=InnoDB DEFAULT CHARSET=utf8 COLLATE=utf8_spanish_ci;

--
-- Volcado de datos para la tabla `cfg_c_fisc_mod_marca`
--

INSERT INTO `cfg_c_fisc_mod_marca` (`id`, `nombre`, `estado`) VALUES
(1, 'HP           ', 1),
(2, 'SONY', 1),
(3, 'MAC ', 1),
(4, 'SAMSUNG', 1),
(5, 'TOSHIBA ', 1),
(6, 'CANAIMA', 1),
(7, 'LENOVO', 1),
(8, 'ASUS', 1),
(9, 'DELL', 1),
(10, 'GENIUS', 1),
(11, 'EPSON', 1),
(12, 'VIT', 1),
(13, 'TP-LINK', 1),
(14, 'LEXAMA', 1);

-- --------------------------------------------------------

--
-- Estructura de tabla para la tabla `cfg_c_fisc_tipo`
--

CREATE TABLE `cfg_c_fisc_tipo` (
  `id` int(11) NOT NULL,
  `nombre` varchar(30) COLLATE utf8_spanish_ci NOT NULL,
  `estado` int(1) NOT NULL
) ENGINE=InnoDB DEFAULT CHARSET=utf8 COLLATE=utf8_spanish_ci;

--
-- Volcado de datos para la tabla `cfg_c_fisc_tipo`
--

INSERT INTO `cfg_c_fisc_tipo` (`id`, `nombre`, `estado`) VALUES
(1, 'COMPUTADOR DE ESCRITORIO', 1),
(2, 'LAPTOP', 1),
(3, 'IMPRESORA', 1),
(4, 'REGULADOR', 1),
(5, 'MOUSE', 1),
(6, 'TECLADO', 1),
(7, 'MONITOR', 1),
(8, 'DISCO DURO', 1),
(9, 'PROCESADOR', 1),
(10, 'MEMORIA RAM', 1),
(11, 'TARJETA DE VIDEO', 1),
(12, 'FUENTE DE PODER', 1),
(13, 'VIDEO BEAM', 1),
(14, 'SWITCH', 1);

-- --------------------------------------------------------

--
-- Estructura de tabla para la tabla `cfg_c_fisc_unidad_medida`
--

CREATE TABLE `cfg_c_fisc_unidad_medida` (
  `id` int(11) NOT NULL,
  `nombre` varchar(30) COLLATE utf8_spanish_ci NOT NULL,
  `abreviatura` varchar(5) COLLATE utf8_spanish_ci NOT NULL,
  `estado` int(1) NOT NULL
) ENGINE=InnoDB DEFAULT CHARSET=utf8 COLLATE=utf8_spanish_ci;

--
-- Volcado de datos para la tabla `cfg_c_fisc_unidad_medida`
--

INSERT INTO `cfg_c_fisc_unidad_medida` (`id`, `nombre`, `abreviatura`, `estado`) VALUES
(1, 'BYTE', 'B', 1),
(2, 'KILOBYTE', 'KB', 1),
(3, 'MEGABYTE', 'MB', 1),
(4, 'GIGABYTE', 'GB', 1),
(5, 'TERABYTE', 'TB', 1),
(6, 'MILIVOLTIO', 'MV', 1),
(7, 'KILOVATIO', 'KV', 1),
(8, 'VOLTIO', 'V', 1),
(9, 'MICROVOLTIO', 'UV', 1);

-- --------------------------------------------------------

--
-- Estructura de tabla para la tabla `cfg_c_logc_distribucion`
--

CREATE TABLE `cfg_c_logc_distribucion` (
  `id` int(11) NOT NULL,
  `nombre` varchar(30) COLLATE utf8_spanish_ci NOT NULL,
  `estado` int(1) NOT NULL
) ENGINE=InnoDB DEFAULT CHARSET=utf8 COLLATE=utf8_spanish_ci;

--
-- Volcado de datos para la tabla `cfg_c_logc_distribucion`
--

INSERT INTO `cfg_c_logc_distribucion` (`id`, `nombre`, `estado`) VALUES
(1, 'CENTOS', 1),
(2, 'WINDOWS', 1),
(3, 'DEBIAN', 1),
(4, 'LINUX', 1),
(5, 'ANDROID', 1);

-- --------------------------------------------------------

--
-- Estructura de tabla para la tabla `cfg_c_logc_tipo`
--

CREATE TABLE `cfg_c_logc_tipo` (
  `id` int(11) NOT NULL,
  `nombre` varchar(50) COLLATE utf8_spanish_ci NOT NULL,
  `estado` int(1) NOT NULL
) ENGINE=InnoDB DEFAULT CHARSET=utf8 COLLATE=utf8_spanish_ci;

--
-- Volcado de datos para la tabla `cfg_c_logc_tipo`
--

INSERT INTO `cfg_c_logc_tipo` (`id`, `nombre`, `estado`) VALUES
(1, 'SISTEMA OPERATIVO', 1),
(2, 'ANTIVIRUS', 1),
(3, 'HERRAMIENTA OFIMATICA', 1);

-- --------------------------------------------------------

--
-- Estructura de tabla para la tabla `cfg_departamento`
--

CREATE TABLE `cfg_departamento` (
  `id` int(11) NOT NULL,
  `nombre` varchar(50) COLLATE utf8_spanish_ci NOT NULL,
  `estado` int(1) NOT NULL
) ENGINE=InnoDB DEFAULT CHARSET=utf8 COLLATE=utf8_spanish_ci;

--
-- Volcado de datos para la tabla `cfg_departamento`
--

INSERT INTO `cfg_departamento` (`id`, `nombre`, `estado`) VALUES
(1, 'PNF ADMINISTRACIÓN', 1),
(2, 'CONTABILIDAD', 1),
(3, 'POST GRADO', 1),
(4, 'SINDICATO', 1),
(5, 'ALIMENTO', 1),
(6, 'CAJA', 1),
(7, 'PNF ENFERMERIA', 1),
(8, 'DIVISIÓN ACADÉMICA', 1),
(9, 'CONTROL PRESUPUESTARIO', 1),
(10, 'UNIDAD AUDITORÍA INTERNA', 1),
(11, 'DIRECCIÓN', 1),
(12, 'SUBDIRECCIÓN ACADÉMICA', 1),
(13, 'IUTYCOS', 1),
(14, 'BIBLIOTECA', 1),
(15, 'SERVICIOS GENERALES', 1),
(16, 'RECURSOS HUMANOS', 1),
(17, 'TECNOLOGÍA EDUCATIVA', 1),
(18, 'PNF HIGIENE Y SEGURIDAD LABORAL', 1),
(19, 'UNIDAD DE INFORMÁTICA', 1),
(20, 'PNF INFORMÁTICA', 1),
(21, 'PNF PROCESOS QUIMICOS', 1),
(22, 'PNF PROCESO Y DISTRIBUCIÓN DE ALIMENTOS', 1),
(23, 'PNF RECURSOS NATURALES RENOVABLES', 1);

-- --------------------------------------------------------

--
-- Estructura de tabla para la tabla `cfg_departamento_cargo`
--

CREATE TABLE `cfg_departamento_cargo` (
  `id_cargo` int(11) NOT NULL,
  `id_departamento` int(11) NOT NULL,
  `estado` int(1) NOT NULL
) ENGINE=InnoDB DEFAULT CHARSET=utf8 COLLATE=utf8_spanish_ci;

--
-- Volcado de datos para la tabla `cfg_departamento_cargo`
--

INSERT INTO `cfg_departamento_cargo` (`id_cargo`, `id_departamento`, `estado`) VALUES
(1, 22, 1),
(3, 22, 1),
(2, 19, 1),
(1, 19, 1),
(3, 19, 1),
(1, 23, 1);

-- --------------------------------------------------------

--
-- Estructura de tabla para la tabla `cfg_interfaz_caracteristicas_fisicas_comp`
--

CREATE TABLE `cfg_interfaz_caracteristicas_fisicas_comp` (
  `id_interfaz` int(11) NOT NULL,
  `id_c_fisc_comp` int(11) NOT NULL,
  `estado` int(1) NOT NULL
) ENGINE=InnoDB DEFAULT CHARSET=utf8 COLLATE=utf8_spanish_ci;

--
-- Volcado de datos para la tabla `cfg_interfaz_caracteristicas_fisicas_comp`
--

INSERT INTO `cfg_interfaz_caracteristicas_fisicas_comp` (`id_interfaz`, `id_c_fisc_comp`, `estado`) VALUES
(5, 1, 1),
(1, 3, 1),
(5, 3, 1);

-- --------------------------------------------------------

--
-- Estructura de tabla para la tabla `cfg_interfaz_caracteristicas_fisicas_eq`
--

CREATE TABLE `cfg_interfaz_caracteristicas_fisicas_eq` (
  `id_interfaz` int(11) NOT NULL,
  `id_c_fisc_eq` int(11) NOT NULL,
  `estado` int(1) NOT NULL
) ENGINE=InnoDB DEFAULT CHARSET=utf8 COLLATE=utf8_spanish_ci;

--
-- Volcado de datos para la tabla `cfg_interfaz_caracteristicas_fisicas_eq`
--

INSERT INTO `cfg_interfaz_caracteristicas_fisicas_eq` (`id_interfaz`, `id_c_fisc_eq`, `estado`) VALUES
(1, 1, 1),
(1, 1, 1),
(2, 1, 1),
(7, 1, 1);

-- --------------------------------------------------------

--
-- Estructura de tabla para la tabla `cfg_persona`
--

CREATE TABLE `cfg_persona` (
  `id` int(11) NOT NULL,
  `cedula` int(8) NOT NULL,
  `nombre` varchar(30) COLLATE utf8_spanish_ci NOT NULL,
  `apellido` varchar(30) COLLATE utf8_spanish_ci NOT NULL,
  `correo_electronico` varchar(50) COLLATE utf8_spanish_ci DEFAULT NULL,
  `estado` int(1) NOT NULL,
  `id_usuario` int(11) NOT NULL
) ENGINE=InnoDB DEFAULT CHARSET=utf8 COLLATE=utf8_spanish_ci;

--
-- Volcado de datos para la tabla `cfg_persona`
--

INSERT INTO `cfg_persona` (`id`, `cedula`, `nombre`, `apellido`, `correo_electronico`, `estado`, `id_usuario`) VALUES
(0, 0, 'SUPER', 'USUARIO', 'ADMIN@HOTMAIL.COM', 1, 0),
(1, 22316425, 'YIRET', 'GALLARDO', 'YIRECT.G25@HOTMAIL.COM', 1, 1),
(2, 17255173, 'ALEXANDER', 'SIERRA', 'ALEXSIERRA06@GMAIL.COM', 1, 2);

-- --------------------------------------------------------

--
-- Estructura de tabla para la tabla `cfg_persona_foto`
--

CREATE TABLE `cfg_persona_foto` (
  `id` int(11) NOT NULL,
  `foto` text COLLATE utf8_spanish_ci NOT NULL,
  `formato_foto` char(15) COLLATE utf8_spanish_ci NOT NULL,
  `id_persona` int(11) NOT NULL
) ENGINE=InnoDB DEFAULT CHARSET=utf8 COLLATE=utf8_spanish_ci;

--
-- Volcado de datos para la tabla `cfg_persona_foto`
--

INSERT INTO `cfg_persona_foto` (`id`, `foto`, `formato_foto`, `id_persona`) VALUES
(0, '', '', 0),
(1, 'data:image/jpeg;base64,', '', 1);
INSERT INTO `cfg_persona_foto` (`id`, `foto`, `formato_foto`, `id_persona`) VALUES
(2, 'data:image/jpeg;base64,/9j/4AAQSkZJRgABAQAAAQABAAD/4gKgSUNDX1BST0ZJTEUAAQEAAAKQbGNtcwQwAABtbnRyUkdCIFhZWiAH4AAHAAsAFAAkAAJhY3NwQVBQTAAAAAAAAAAAAAAAAAAAAAAAAAAAAAAAAAAA9tYAAQAAAADTLWxjbXMAAAAAAAAAAAAAAAAAAAAAAAAAAAAAAAAAAAAAAAAAAAAAAAAAAAAAAAAAAAAAAAtkZXNjAAABCAAAADhjcHJ0AAABQAAAAE53dHB0AAABkAAAABRjaGFkAAABpAAAACxyWFlaAAAB0AAAABRiWFlaAAAB5AAAABRnWFlaAAAB+AAAABRyVFJDAAACDAAAACBnVFJDAAACLAAAACBiVFJDAAACTAAAACBjaHJtAAACbAAAACRtbHVjAAAAAAAAAAEAAAAMZW5VUwAAABwAAAAcAHMAUgBHAEIAIABiAHUAaQBsAHQALQBpAG4AAG1sdWMAAAAAAAAAAQAAAAxlblVTAAAAMgAAABwATgBvACAAYwBvAHAAeQByAGkAZwBoAHQALAAgAHUAcwBlACAAZgByAGUAZQBsAHkAAAAAWFlaIAAAAAAAAPbWAAEAAAAA0y1zZjMyAAAAAAABDEoAAAXj///zKgAAB5sAAP2H///7ov///aMAAAPYAADAlFhZWiAAAAAAAABvlAAAOO4AAAOQWFlaIAAAAAAAACSdAAAPgwAAtr5YWVogAAAAAAAAYqUAALeQAAAY3nBhcmEAAAAAAAMAAAACZmYAAPKnAAANWQAAE9AAAApbcGFyYQAAAAAAAwAAAAJmZgAA8qcAAA1ZAAAT0AAACltwYXJhAAAAAAADAAAAAmZmAADypwAADVkAABPQAAAKW2Nocm0AAAAAAAMAAAAAo9cAAFR7AABMzQAAmZoAACZmAAAPXP/bAEMABQMEBAQDBQQEBAUFBQYHDAgHBwcHDwsLCQwRDxISEQ8RERMWHBcTFBoVEREYIRgaHR0fHx8TFyIkIh4kHB4fHv/bAEMBBQUFBwYHDggIDh4UERQeHh4eHh4eHh4eHh4eHh4eHh4eHh4eHh4eHh4eHh4eHh4eHh4eHh4eHh4eHh4eHh4eHv/CABEIAgACAAMBIgACEQEDEQH/xAAcAAEAAgMBAQEAAAAAAAAAAAAABQYCAwQBBwj/xAAbAQABBQEBAAAAAAAAAAAAAAAAAgMEBQYBB//aAAwDAQACEAMQAAABwGH9DAAAAAAAAAAAAAAAAAAAAAAAAAAAAAAAAAAAAAAAAAAAAAAAAAAAAAAAAAAAAAAAAAAAAAAAAAAAAAAAAAAAAAAAAAAAAAAAAAAAAAAAAAAAAAAAAAAAAAAAAAAAAAAAAAAAAAAAAAAAAAAAAAAAAAAAAAAAAAAAAAAAAAAAAAAAAAAA17OpDihiGQAAAAAAAAAAAAAAAAAAGIZMds6BgIM8AAAAAAAAAAAAAAACIk6/3aCglhn79HdkBObsgguGjf1sOOYw0vT9Fn5PvplluKqwcvVwZHURvtab3GfQYyUrGXv+lW2ooLJsq4LzspVmzt3r0xHFoaSyK26WRWwWufpEvVzqt9Jol46vEYnXgAAAAAAAAAAAAA7lNcLElyraNmj0/wA1tyt78dtctJLm2fl5ddTlemQ4u2LdBGudVQt1R1eYjrLWrPe089wd8dh9fSx6bgfoVYs9YxmlhJiHmdXnpqsWir01nxz8BaZsXDRZsMrpKVxSkXuchJ9qy5m+ge2R8praGl69OW1X0HuS1MVsqGPomF+g+Tdlxum+er/B8K+07q22DnQAAAAAAW6o5uRPo3PK75uU+EQn0L57vKVv0bCw6ffNud0vUZJ8nkN/nuY9uBLumo2+o6vMRtnrFkvqawx0jF4fXU4y9Lwf0GrWirY3SwxIbDNx6xb66bAXHzry2iYZ4UF7UYuTjPVfNbBZa1ZcPrwobyvxF2q+6xc9IfNbDztebdWjpPo/F383n+xyulOVdn0c16+fPx+gQLIAAAAeB688OZMQTv0L4/YZNJbvhP3+Mvcz8I2TntrNjOvbjV0Tt19tZdZsVXt8mPoKtauG3qqR2ecfoeJs8ZFoj/srH2xKu2tWuqZXRQ0zDTOwzFsePLPR/XgPdWzV3lTjJKM9V82sVkrdjw+v9FDeMcikVGI+g0X0PDaOrlW9d9ir9Blc3c2xDyWa0V2p3ZKvwq+wzpb4DoAAYa8qvZV9gyotrv6KZ5/uNPrpXzfLhRbyW3dPHX8zDMjzVu5lI809MVZs9ck+zyKz4vyXj4bYwPoWNCulbZZ8m2r6LOz2VfWEK376Taaa17OHp6cpqIbo7dV3S9flDWMK+KG6XzGigteusLKtt2dRkYE6bzzulNZ0r289cSR8+qv2n57cVtAGvzwukSRS1qqrjed++fWJvvb28/0LPXVLw+hqO1+d5fQdgfPvbDWoNi4ZDnVyirJWvS8D+l93yL7bUufnzy3VGk3Ex5q9qe9IhS8eTp0PMYcOed2m8/ReKFtcd8rpqQ0VbJSvVuwuuq8B75vcgCuLBX/U9vPVs0+X+g4c3TzWlbSRvseAAAAALPWDar5lj55zt9+zz1p75y7OP07ArTVjaunmHEPpvzL6ZEdna1IcHn22055oFjjjsHbZXkpaU0Br2Kq55YCya7moof3v45ybnHfpL4j9mhs9d/MeqO7qjSdWfNnUPYac+KwZx+kVf7HcVGn86WCk6TLZ3vxltRp9w42VVEb3IgABfM47swWv283Tzc7SRvseAFn3w36iuPIFZExgAs3fVrxlb/yXh7HltHXPnv0P556Ngwmsi0tqrd+nYOhs56B2astpchW2gxCe5rP8/tabcKq581bvO85qva9V9RwX6I/Mtp1+TtlM+/fIM5qYvDD2pssd/N9lsY/b83sPwfRY72+8/XS3z33HJafRB2n5vtseGmo9muycDfYoOcn5yifSMzecmjbqqLOkje5AAufvu/AbDzzr46i2g4K21L1DzwHkPpdCumau8bLp6KSy+YQ5vsmCuCwIVDXPPVUTs9mFxp7KrtO7K6tJxt8nV0PWNe5l8I0sA85+nDqeCmXiD2eT+ifQvzH+lLGn+OcduiM/tbzYJL4ZcZCoTEFfXnnvmXnu4aN/J3mdCttS9K8+Cxi2zHoxpptPFzCXyh22vldeOOWT0dJG8yQBdPeLqyl90tHBGk8sIbLMgrlpuG3Vl7br+Q98VeVwTGgASae8GP0XVnLuDuU5SqmdfaDL/RmVQ1F64+LM99K22AAAA0cchyS4dIvtO3+iYmZ+tfNfuOcv4P8AN/1L5ZpMxZJ3k7MRs8vSmt/ObdulwqtAnqHn46O8u2vp2YbUfOHvm6y6egSe3V2cWO0VLGzzgAAAAB79Dp11hOyHJWazVzvBoawAAAC3yUDPef7O7Ua9biPhxRESxIu1Isfp2AaN1Vc+jnQAA84+3kW3W+rX2bLP3T6j88+htwfz3Vuzm1FJfsnvlvo3oYf58cePQ5+pDeZFZa1b47m7Zz4+bbuLhLVVfS8GDyLrjw9ufs6aNBWABPdTK6utGoK4yxdQHS4U3bYYy617jlISHeADs5L1DkJCYncTqJr5laKYk9yKa+1/VPln1m5oev5J9i+XS4UQM3qwAAcvVzKRD7cM9HXfSr1TrjOzn5U6+OQ09Taerk6/KPSfcctaV6YG1fONvjQ0tIsFfI7alVR3Z2CJDQL5K2GjfQYD1BE9kAubPdgNhrwkNVNcaqJ9G+c7/EBc1y0VezMqquzV1r5skLRXqmwrwua5d6ROxXfpNe1ynnu1mKtOQjbgQrDyTjTjX0SgbpW0p6+Ke9AABzdPKpHJo6ea9jfV7bU7ZbZD8qdWOjTVl07eff5T6Rlz9HGheVEttS9L8+CwigAAAAGFqqtpjrrIkIALruy3YTVeaur2rtNfzu0VfeY4LOEsNeszKqpOQf1NpVj+OT1TZdCxjCZbV9S21f6NiNJQOT6BFRJtVd8fXWfrV38Ul56h2NVgKm7AABx9fGtvTzdPNeNfYLJX7BbYz8zxU/AaWuve/j6/MPQcufdu6mpwh6fgAVwvu+on/O30Yw985fQ+GQxShbQcLTVrTHXWRIQAZ+63DZh4AOgAs9YszCq3ZqrlxYSGgBcal9BprLC70e8Y7SUCY4MoVjZZKkeSoV84Kj73m7T6gWQJWAAGPF2czrPPz54Xifs09CzVpivz7VLdUdHX3HviZXzzc44OGbCqY3eSHdzt35+jHzHe4NqFO5c8+iyrPmzLH0nDYWmrWlhdZEhAAAAAAJ9PeitS0Kyr30fQHQAWWtG1fVej5Fd83c9wxWzAAAAAAAAx1btTjcS78LJH2aS+KZzM9E1C667Njjm9HTm7/X5nqejxaRWtdHS2rYjuHZr2ZjSgleOjp1ONc0fKYabORUzp1ieR1bF84UkSqNSQI1JA4tnVmy75Cz2xpdRytpwqS2gqXts1KTXdP2uhzINQ2WX6HzvxeTl/Ic3HIzWiA6AAAAAADz0GPmY5j5mDD3IHnodAAAAAAAAAAAAAAAAAAAAAADK70bGZBv1M5MupCFYAAAAAAAbMlJ0t/hzS34hqbsw5nTznfHS6nmdesNDqBymaVYM3eYOj3pzOnmT02bOnOy6Q5G7Tzo6jnK6eYDMrmD3o53mNvO6nRmpHI68A53Vsmw+EzgzcGew7oZ7g5m7wNTN3mBsQrW3ae8DigDh4u3i1uX1ykXKSY1StFW6retsVXtFXjPSFg5OessIrt1bLat4Jrhnoz9S36NtrXzsLYIeostFirFj7yM5+jnlMcVh7KzEkTUD1dEhi1fNvo9JrrDTbePSnsxS7pS2nttlrkxbVUJh3TnFbKbPwC27vES8RktTtrdp0aKgrVjxkFJp8lyT1lA2VuRl6i0hfLbUu87ob3Va11j36M6W0hOfbcZcfg4Zyr1lhotlesXO+DLaUA1VO48+hoqrbMep5iucFvPNcdXvGgN1BvmuFM4o+x4d5XJfdudap8xL5yY8VGWXBPa3J9fahyvc9n8dbruyX6+FE32/JfOKqXvlOVmxbttfOUy54NudnN75U2VO6LLo1maxp/wBA5Y70T0d3SnvBolsIM2IkOjLvKZLSizr+ONtUaw9C+2M81y0n6Jq53h6Ov2FKpvXY+Oyg+VS+YNLpthk8GHshmdGADFSMnKlRupr0871NLndzm60qxasFo6GXM25vYaHEdTm60Kxc3WGLXqUnpe6kL2PdaVZsMg9YZ86MeGTm63W8WrUpPU17GXjTvWjxo3qSatzbnjl2vs7XuuM/mwzAwPtZsfG15tWS0ZsCVZscm3AQsAc3SfYp2cy2+Q5tHTFOtWGBlIttchyaZp1uM3aeeSxIRljrkaRaaf8AQ6XBlblkqchnt57RVUL3nBMibunp5mnbHW7NVK+btmIGfdbjZ2CnaS4Q8xDp7G+TULq83v2a+U5ZOqPkMfqYbGdoOhpJXtmKwpGm31yfbXTOnk2aCls0ZY6rnrvOw1uZear3R2zvFRnP08zLnHMw04FddyygTeZ5/uAbcAACKS3l1TwfBa/JcaJiLcUjTXbXg25V5vud5WuC5pDPTS7Z5V2PlfsXqVVbOyZWdfWpKRR3qj12PKVGjoG34su0+alvXEUaTsh1v2HmPaC7qG6z53lPWcLP4hUXKlNbKZc0ljpoN3xfYq/dNn2an0WP1SYaHuDvKlMyptym+XTyVH56pcsoMulXHPxl2LykyVeCmtwAAAAAAPMZUbNnGrb73vG251o3vdb92R0nLia0d2RpW1y6HGpFoIVvaeTipFq8ac3I7ofZ6WnlSqQECacWqzr5J55Bl5OXqVw5tcmP2sOE7Io7v6nIjkqkXH2sP+OfYtGx7HBINWlbfW07mnQiygAAAAAAAIfXK+bLJYU+Z121ZYqjMQ8KZPcEfZ1t1W01a+d5Ve7m432Z2p/Q6JBm2OGs9YQvr17OsIGRi5m0rsZOKlKuwrkn1QFlAtO6LlMTr6PPwEtvMX1Y7YatsNd3qVgaXT5zfX7Wut1VtsBUWmW2WhOdlavaK9Nh+2ON2xn4rq49dtWzkfZIKntOjXH2l5qImPPc5fBT24AAAAAAADPAcrsjItBR1/TZj7OEPNocmrWXYcRVuqfPN9NQsyBN8hJwEVE2tMiQO+XNuVXvm0hivc9pBydZQXdU6rC0VDHw9oNOw+yUMuVT21JUfGImVXZa4uYBpqdyToVUmJMtMLyWU2vhhLSUmAnytsQrp4AAAAAAAAAAAAAAAAAAAAAAAAAAAAAAAAAAAAAAAAAAAAAAf//EADQQAAEEAQEGBQQCAwADAAMAAAMBAgQFABIGEBETFCAVITM0NSIwMTIjNiRAQSVQYEJwkP/aAAgBAQABBQL/APiQR2hvZxTj/uuVGtaqPdxao/8AasX8EGvFm8r+Bu5y8GkktHnWiwBde4rl19aLOtFjeKOMdGN60WdaLOtFjZgcaX6TvVojShiN1os60WdaLOtFnWiwUlpMiOB1KqqqThq/2rBeJ68vFm4j0Y1XKpN2r6t5P0sPVyv9DD+ruX3Nj6HZHM8BXuby5/vu2v8A2sk4w3RXth//AIf7Ur12OVjgEQrCkRiFIr1z/hSYD995fTsPVyv9DD+ruX3Nj6GVvk14naZg2iNkfi+GeMAp+jj5MEwJMiRxED0QMDHGPJrCEi3P0RBLqj7pU1Iz4c1st+Jqdj9bMR3H7/FWrKjuG3UmcUyR62RiqJ5Hq9dyvVd0fsN6Vh6uVvoYf19y+5sfQys82kI9GTCNKbK9vAGP/Sx/fK32+5URcuF+mMqdHjWoQhyOMcT3CJUwksFk2UGvyPcw5OXVX06Mdx+/s7I+ktfCLnhNfl4Bsey3DXyxPzuAnBm83pWHq5W+hh/X3O9xP9t2RgOOQCJuf+lj++Vvt99qJzhAmSwNhSGSRMRUkbquwfHoxtzSmUMzUlpEWFNT8fdERwDAKw4c2yj8C7h/nBp541OLk/G8vp2HqZWr/BkleD8Ymp/5LP8AbZCCwudELGwwpjReW5/6WP75W+37LCHoTKaTpMbzNgoDg7OD/GcVa61alhSiX79PM6YuWMVkuLLjkinxn7J541OCYBvav4ns/wAfIp1C5JYeEqSj2ZVpwlhZoBP9tlZ+naX07H98rPQ7FTJ0PkpuiB6iRaHalW1qt37NGyWHpZv2uOcc45xzimVtmsdAGEdtpXRpo5NexhmQ2tRR6Nw2ZxzjnHOOcdx2JkkDgLvCN5iRQsYP/k/22Vn6cc45xzjnHCr/AB2H75V+h2vRnCQJwD7nve9YU9wWpYR1dzg6ao7Un7TjbzmfjvXFXFdgdRndNLwrSizXmtM4K1yq5+9c4Jj105rTNedLMx4JA2NIxdyrjYxyo+qOueDGxtQZMZXzEa8RgomOBqasQWR4ZXN6SbnSTc6SbnSTc6SbjoU1UdWTHZ4TIwdfMGhEILOYmITjmvOYmaky2bwN3MXS9lo6zY2bHHkc4jt1JnMTOYma0zjudlm1zS5snJ6e7zaxqrW7rVeNi3sdk70soWcy2zbeTyqjGI5ztKDbdHICJ1UrOqlZ1UrOqlZSnIeKxdz8sCPZRdTIzqZGdTIzqZGdTIzqZGdTIzqZGNly24C5swrXW8NxDWjYrmX8XOrppSup66Q3aWsfEDvhC5cBkKM9u6mSU5IWz1gVYWzsaO3hRxs8arhIl/DxC005bSodGa1eOOwwueNUVFRVRaiY2dXWIOpgqnBckrxVm9cfk1f5c2Rj/Xm183q7XKgHkjFKTaEyGuOzZ0yBuVYoiphMs/gPt085jUMJ0c6ImN1MdMlSjg3zJ42YaQc2/YmKqSbK6lNkmLIkYg0zSmaUxWJmz81/Nto/SWK45Mso/MZmxlj00zNpofIl4P64jN7sZwUj3K9wRvMWDHbFibSWKV1dkCK6XIJpRK1UZLXzXsReC2So+W3CZZ/AfcjE6ynYu5jXPNND08nu2Mk65V83Rb9sD5Han5DFTEVWOsoiD3bLWqWESdGZLiyAvAcD+WRU0PTFx64RdI82XgaWyDDAG6sH2U+OEkgw2DjR34Z3Joe4DudRMwmWfwH3NmXolmzUmJlOmq12wAJsntEMhX7Oi6KdtSnCwb+OygFzbO/LzrXcqY1dC2MPkZCklhyqmeGxh7SV/UBwa6xtXFXc5dS0kBZspODW7V3HXGCN5igEOEDH5fO0xe6gdrijx+WfwHZCgxH1/R1eNgVblk1DkD2QicmZYM5dkzNnWo6z2te3qOxpK5kWHChrEI5K+XMtfFWt/G9fxVMSvqUVz371TEVESwi9MSlsi1kyKcUmPtHWcl7VVrn8M48cKuQoxZciFGHEj7YXPDGtc90WOkAe5GKUu0Judc7hscQm/Z43IuVYoSv/ABZ/Adkb4Jjc0YEhIx70A49n2XPzDfxQcRvuD8+f2s5uqJYs6aASUarG7y31MTrJe0svWRqeXY5M+lWSgPjm2Xt1r5Ko17LuudBOJyYqKNBMcUlRAZAj7U2/h8dfNa2P0YtzsrXIyVv2ZEhby3D09pvsXISUv4s/gOyJ8GPcTNpf331w+dPsH67GnrHys2isgRIvbAhiUXVgw06O0cC4K6wn1jDx2u3MY8xTOHTVreLndq45MMHqQ5sZa81kuOOVHnRiRJKqq5s3XcgVnMHAhTJBZcmmjtVyqrnbn4d3Jod9EmiHtKmqXvju51Dln8B2RvgmOzXgBElHvDjkWe/ZpumbR1vMy8u2iCYpDE7mMe9XIrVpwPYymsXwks64c4fFyOroo62LMkEmyU71x6ZbM4vAV4TVcxk+DtVIYWbTRVlz82xsernhG4xlRrG7yZfu0xt8dvL2es28yi30DtUbLP4Dsgz4g6/xCrzxKsTJVu9weynr0DBubB+q0f8A5HdXrER/mjH5asalAxPprbAkEvSxnybae+bIRPsuwrOYHNlLVITXuV79nIfTQb2Z0NWvnlIzz3rjWKY20Jufc75reVFa3m0+/Z83T3JWck1l/X/tIiqtPVLGee0cI9/Zx3p9ioeroRPxb/11q+VVXMjNdfO666gNkDYvH7LsVVa6axByoLfOrB1M/NvpP15AajK/e/K53Lk74olPJtXISyqW65q+S77R3MkWP9f+1XTTQJAZwbFklywsc5z3fYpVXCfi2GQlHWwA1wbSwJOfp8qSesUu0EDpyITEXvXH5aJ/NFbpDsi3jYZtWbnXucOGJvfkh3Jod+zTUW3bxXGP5Jr0PT3G8LudRWH9e+5EelvGVHNd3xoxpCxgsjAjRjTCSZAa+HOmHnEROG5/4peb4YcQzjmAWJN735Zt+lE4Jscnnk4nOmjTU8jtR03kzaB2kG+hTRBa7Hrm0aan76R3EM/+u9kOrLJi+CvzwZ+LSz1G5Fa7exzmP2gRplTuThxjyQSMraksnJ1jGrR7Wu/jb+Nz/wAVbmvrs2gIhLXvfk7zTNj0/wAfH/tATVOZiblxg+ee/P1Fxvg2LI8PxSLnikXLKwbLj76Y3ItbRnKouyN8ExuaM4K109niMHsjfz7NJujAfILOjxxA37IqJkuxuSnyGxOu2reinT8blyusCwcrLVs2RNEoLDvfh0/lzZJP/HYv5q/kmYm5+Vz+VI+2uXZENR9kT4Me5+VX1WXZQcFxMjjUxyw+gW2d9G+tOAYG6dNQ3XbbSO1WnbWO5VptMnCx734Vv05sp8Xj/J0FdM1mJ+MJkl3Joftrj147K9kT4Ni5qx7sgO5buyg94mU7eM/aoT3unlQ0rsBR8yvpa+TGtLciPt+2tYpLPadeNh3vwi/xZsr8XkxNMsa6SPTSZu4mbQO0h+2uO/qvZXxznomwJ+dDOx1fKZlrNB0/ZQcOKZRwGRqu1uFmi7KceqZHPIirSTTTQKCossPQPTCV1gLHNMzOLsBCmyFhRAVMeQV0mV3vw34zZpvCny4ThbY9dRW4uMHzz3x+ouPtrjv6r2I5yZzH5zH4vn3RP4NnQOQZpUwJAdtSxGwH/iJ/jbMsZ5AsJ4MFfyExm0AOHj8TDX7lySeRKf3rj8kIrX5s78Nm0TdF3iORzW4/K93KN2Q9ESnSWmdUmdUmLLTLZGHqNy47+q/dvv8AGCncNusgWBjhciudtCqArW/jdwTOCfadj8kI5p82f+Hza7+w5Hc10JmPyU7k0PZPZoc1uac049uMZzK3cuO/qv3KQQxIcpDn762dJJJhMQU6+kJIn/ediNV5HuVz8ok4VObYf2DK9U6BuEzaF2ke+vD1E6c9S2Kfjc/KpEdPcitdi47+q/brq1xm205JbvtV8g8377sbx17qpOFZm2Pz+VHtm5oa99xXmm2Xgp88FPngp8qYCwJw28E3rjXcotjUqaf4KfHUx8SEr6TwU+eCnzwU+eCnzwU+eCnzwU+eCmxKZqNZCp2PQkKPkxJk16QFzoHZ0Ds6B2dA7G17nOLVmFnQLnQLg60hXErSDdVDSLJZx0fdXcrUzTjZEpreqmYZvOIgBYMbWYmKmK3NGaM0YjcRO1UxW5oxWYo85eIzNGaM0ZozRmjNGaM05w7l4o4ThXNbJEaIUaEOSIENRBKR5z/6PDOGcM4ZpzhnD/0kcpYxhXMI4lta2OybKNNN/wC94JnBP/jmMe9XiKNGCK9FEVHvCViMY96vGRmKA6IgDqioqK0BnIgDLnTSMeIrE6c+dPI3I1zk0u0ta5znhMxGgO5FAdExjXPVwTMaiKq9NIx4yD3pHOqOAdqY1rnZpdpxY50TGDITFCZHdNIzppGck2skWx5ChmKzFa5Mc1zVYIr0c1zXIA6owZH48ZB41rnKjXKmMY96vEUadtj7Gk9tdelG+JhH6eRb/G0PoQPf3bP5o7ubHkf5dttB5mFBKQddGfHfZ+dpLryRx1BCSRkeSxmkiSYx5OtYmz/qX3yZIckQq2S+SO2fog1zuVOh+8AJ5yuZKgkARDAyy+SlwjRMgFU8UxTz5BASoa1p+oSD7/Lf2cBqvojxJAWR4xpCNE8NNGjPPgq8rSzpCxowosmSlaYopN361SfmAsvkL30adquq50h8o5YsmMkIyyI1yTTGpyaJnbY+xpPbXXpRviY0d52rKR1VQ+hA9/Zj5kGoLogUjP5b/wBWKS1QER0x0ez+UlTJBkggdDDNr381k2UJSvaWFs/6l98m3yi0/nNtlUs2/ByjQH809P7+2anhtS53SZZfJS5xpbUE+NT0fqzUatds8q5B9/lv7Oq+ItPZUftJnx0B0xqxyWynvvUhe0XmNS79ZzCwTTSMLNvfRrVVtJT+/ZxXHq5cmosq4veYyx4td2nGpo0CV0yz5PUvaxRQqBVQ9nHQEih9CB79vBc4lAtaPRCv/VjTxCBDlDlLY/LXQtY6YqFCGZIjybSUOQ0Q1FV7P+pffJvsk6ekCmMYeZIPBlCFs2/UsEyR5M+b1DYQ3Bh5Y/JvKXVpa9I5SQZU6chg0onCEF/KkeKCy44dFVfEWnsqP2kz46BJZHzxQOXsddESwaKPDKeRZXnrkB1MJv7Xvo066axyPr58uwaSPWkKKBFjlkPkwpIBVb9cHtOABljgCBzeCYNgBY5o3sHoEjQxWOx4Yr3LhGALnTwsGwAseKK8nkqDHGEphBNgo0YarwcomgDhWRzP6aHnFqtYwIs+lWxuTGf08LGhjsdueKK9+4oxFQUWMNUcqO6eFnTwsIgiNTQ0StG5GNENn06OnhZ08LFe5SPiRXqNgxteMBMXhjgxXPegyomhoiNGRrIkVirpcjGBG3gxWtYEbf8A4V6o1vUBzqA497Wt6gOMKx7nlYxeeLcV7RPQ4lVceUbHFcgndQHOeLETOpicFwj2jzniz/hHtHuI5BtY9r0XyaxzXt3Ecg288WKmEe1mdQHBPaXcQrBvx5Rse/6MGRpN3UBxhBvxfJXuRjRuaRMI8QsG8ZccqNaNyEaQjB4rkQQ3I9COQbWORze6WFZEabCJFHGgPOO1boiwa9kiLGgijltvdPq2oCmI5D33yR65jA0aqq2fvreI6TJlgdGMyrJwuZCuL4S/TUHVpr31Y1cw4Kh6tl3vqp6dpqPPpX/yT/YUvt9157SNA58erI8U26/aNWDJFhxRRFy4DrDDnNZApw6jXL9MeFxjT1/WABJMmwhpGZXvcSFdvXmVmoE85eRHiR3zCEhSQHtfODR+2u/WisaWrgPWLOnvWXOYxoh9977Gs9vcehGjSCAggMIlt7qUs8QawI2R775KY6cNK8IxR7P30r3Vz75vpWCs8Z0kyMrVvb31HOmjiVAWNFe+qPhornc2ykvaC4sU4QaX2+689pW+xncfHbr9hRJLg14yCHicMlC5MhoumHO4Htb7S+QwnOjwmndJXmGlCE1mAIki4sncqzt+Hh1L6C8ES2RUhUftrv1oXsLkSK2mDwZ9i99jWe3uPQh2L40eNZKY1t7qaLnwKYuk998lYi58WmLwfZ++le6uffN9K3jqrktZCCqY7td76scXPq6ovKl3vq2D+XWQoXPDOh9Mx7+bRxpRo6Rp8ghsvPaAnlDHqgvfIuv2j2bwx41gshd1p7+WTkngxupfJr+UCofqiUvyF0L6hSf/ABEGJ1LZsLpxQtMmsAY8A5iGnyHga6JGkGhFKQ0+S1rWMtvj6n477C+bd3BucETPLNS8U4IrvqX/AKnBFXguKqqq8F3IqovBmKqqq+e5eCq9dauXVv8A+cG5wbuXzTg3HKrl8lzg3OCb14Liqq55bm/TicEz/nBN3/Pwn5z8Ji+efjd/z/n+oR4xtcnBf/bOVrGOIJgeDdTZ8Fzl4oppcQL/ABCFg3sIyRIrmySJod18LAlEdsiXEAfxCDgJEeRiSYqyzGCAfiELAkGZhjgA3xCDgJMY6mMAGJPhKu4k2IN/iELGq17HvYMYJUY78PJjAeKZEK6QQUYfiEHPEIOSygiPY4bx+IQcFLilevkp5MaOoiDMP/nXwsCUR2ulR0lIeOth9+0e1uWMlikmn4QnBckUT+aG097aQ4wQUnHVY++2g18utWvVkGG6MYsEcuwiCQ0iJHbHwXz9z7WvhRzw46rDsrtFRkWJDfEjxwBWcqeLEjw5Yo41DHyf721jQhjpU/xLp+kGl0KW1HIWI4KSDwQSHTRtkgsYzYzxwBuFfu5jonxdcEZ5dnEZHyC9TxjNdYWlKTLfV0NasBRwYboxpEdiWpBoO/8AvnAA7TRYZGXbmJhpAHVlM/jHtPez4ZIb4PJ6Sx99P5aPJWje2qcUc+L7qr98v4F8/c+1qfj5/wBVltAvFYtYEkWNEDGyUyJIfMhOjsrDOLGyf72bWIBKk7zis3oSwtpIZKwn86IaNFmPkgLDKFykjXvqx/b3X6xPi6b3936EB/Jp6qQOMWOUYbM+lgyVjHsqlIywRo0LpGhP9BrVc48aRKsm1sNzquPMFMsIsl8q0CshKkUoT50SU6ZcBWSgizYiV8QyHi+6rospktfwOLK8cswlLGEO0G2thEEa0AYomss2shtm86fFOkspJsxsQHTgyZElOlyHXEltTHNFZDryPIeuByKgZxDWPLhGeyZPIxrRsuI5yvE1zBWgDFZHGRsAcaeN/STzksQl6GPWj5E6vVrpYCSYASzoiV8UySP/ANk//8QAQhEAAQMDAQQFCAgFAgcAAAAAAQACAwQFERIQEyExFBUiQVEgMlJhgaGxwQY0QnGR0eHwIyQwM2IWQDVDUHBywvH/2gAIAQMBAT8B/wCwmoZx/so7jDLIGR8c5939amrgblJGe/l7NjzsZI1+cd2y+VMsOjdnHNUFdUPqGtc9XGR0dM5zea6xqvTKuFTKyjje13E4+C6xqvTKFyqh9sqhu75Wujk544FdY1XpldY1XpldY1XplMrKh9HIS7wX0f8ArB+7+o6VrHAHvWVVPIqXuHPJ+Kttx6XDn7Q5onHFXP6WRMaWUvE+PcrA1wt8ZdzPH8TnZ9Ivse1W360xXX6q/Zc/qEXs+CixrGVdOiZb0dW9muoa1GwU/iU4YOFbLXFVQ63o2hjYHRRnmrWBHXuZ4ZH4KR+hpd4IXSp3u81fkn3UOwIW6iVFcXa9EzdJQOfLraffxFq30reGoqcHeHKs0xjqgPFXepFNRyP9XxUELppGxt5lQRCGNsY7uGz6RfYVtOKpn3q7H+Udsun1GL2fBAZOAhbqo/YKtVqNOd5JzR5KTzirB9WP37Ltb3wPMrfNKgvEgj3MnEcvXssjW7n1qrpm1Eekq3TmRmHcxw8vKuNBrO8jVRAX/erZaqkTtke3AC+kFXV1M+5ewtA5Dx9frX0asT4HdKqBg9w+azsu9KaiDs8wuIKlq5pm6XuyqOldUyhgV/GmBoCg/ut2u5J/nFWH6t7dj2NkaWu5K50PRJcDkdluuvRjpcOyo7vSP+0o5o+mZjOQ74oeRcKs0sevGUb+4ngz3qnurpZQwjnshIkaHEbHJrtQyq6vdTPDQMo357T5qoboatxGjGPWq2qZJKewEHs9FUV03TgwNACmpoqpuJArhSU9GwSMbxyuvZvALr2bwC69m8AjOw/YHvVNdjTjS1vBMvTpDhjF1lOPOiKutXHVRDHMbKenfUP0MUkTozhyikdG7U1Ut3qA4bw5C60kd/biK6ymb58RwqeqZUN1NVTCJmFju9TwugeWOUTyMOHcoJRNGHhQ8OzsldgJvYbxVbUb6UvXFx4KKDoFIc89oVFLvImuV9/se3ymuLTkK3VXSIgTzVfTMlhdw442Ne5ucbIsZ4qgp4t2HALSFgLQIa3s/aCKuVvFS3h5wRDonYcrXWbp2h3Ip3A6kHcF5xV2rNI3LfanuyrRbN3/ABpefcr5Lph0+PkWOXVDp8Fff7Ht2sppXjLW5T6eVgy5uNtikw9zVWuxTPPqU4Afw2AZVFT05BfK7l3K0v107dsH8xVuk7hw2EK6W4TjW3zk06Tgq2V28G6fzXFp0qtqxSx8OalkLjxVntmcTy+z89l8l1TBvhsxw2WOXTMW+Kvn1f27bMMwBTRNc3BTxhxGyxj+MT6ldLgwMMLdoGThGmjYzUJRnw4qz1zIf4bkDlXCpLBuo/OcqOnEEYaNrhlXqj0nfN9qieRyUU53Alk8FU1DpXF7la6PpU3a5BAJ54Ktl3s7nbDD/KiT17KKXdTtcr0f5f27aC5xU8WlynvjC3DBx20GvBYzhnmfUpXAu4ctoQsUrow9rgVa6KN0LmuXSJLed2/iO5UNM4nfS+cfJqoRLGWHvVFAZahsavE+kCIJ54qzQbumB8eOyul3cTnbX0/8hj1Z218u8omu8qINJ4qskiZhkP4+TZH6qTHgVS1baeI+JJ4KKgdPmSo5n3KmldSydHk5dxQcD5Eit0OKyV3h81dTmpKPNU7dMbW+Gy+S6YtPjsibreGpwaY9KeNLiNm81UWnwO0McUWOHdt5jyKWJs0oY44yjUMpmdHpRkq0UrS3ennsvnmNVmkeJdI5eQ/kqVmJJT6/kFcDmpcgo0Ve5dUwb4bASOIXSJfSROeexruwW7bM3NOE6IEK5wthnIbsbz2PpBHSiV3M7IdO8Go4CbHDFSl0XLCtjdNO3ZNCyZul4UMIpazQ3kR5D+ShGASqs5nf952RHITzwVZLvZnO8octtpqI44AHOT7hCB5wVdUdImLhsbzTBl3FTTuka1ncNjGl7g0KpiqaSHRnLVS3KKNojfwwmVMT+Tk+ojYMkqF/SqreN80eRImeaqr+8/7yiqN2qJp9Sr5d3C522G3TTN1NXU9Sp7fNA3U/YOXltTZXMBA79tqjc6pa4DOFcjrfHF4lOp43jDgn2mnd3JtnpweSZG1gw3yJTwTeSqf7z/vKPNWp2aZivsumLT47bfFogaFpCukWqndsHLyz5DXFpyFSXIvqWvm4939B4yNj7RI5xOpdRSk+crfTOpohG4q4W3pZB1YwuoP8/cm2AZ8/3JjcDZKzW3BRsH+fuXUWPte5Cw/5e5dQf5+5dQf5+5dQf5+5CwM9JdQR+kv9PRekV/p6L0infR+PHBypbZDKSx7sOCq7ZBBwa4lx7lHYGYBLuKH9DCwsf7OpoIqg5PNU1uigOocT5etucZWtvLK1txnK3jPFB7Xcit6zxQlYe9b2PxRcAMlCRrhkFbxmM5TXtdyKL2g4ynPa3mUHB3JOe1vMprmu5FGRgOknii9reZRIHEres8VvWeKbXh1QYgOA78p0jWcXFa2gZyi9o4krW3OMoyMacEokDiUHB3LbU/8AFm+xP+uz/c74KKpLIXxdzlP/AGIPb8UH9AuD/A5/Nbr+UMx73fmrc2ndMznq9ybu8O1c+5TxVHQ4y7zeKonM0y6Tjsnh+qP1Ef8AkfgExhoaiJzD5wB/FV0zpah8ze4q7vFQ6F3iFRNNHcdwDw/TK+kf/L9vyVJLupi+DOAD8PzUVFv6V9SXcQqiZ0sURd61efqbvZ8U6hD6AVGeQ+ap6EGkdU58VDuMfxM59S3PTq50bzwHyVXSPpqPS52Rq/NSVJfA2J32Vr3dx1eA/wDRUlCa5j5XO4q5F9PRNgc7JPwVhkLHPgdtuVumkmE8B4qmtU43kkvnOB966lkNLpPngqW01Doo2j7OfirvbpKpzXx81UW2Q0TIGcwqWluMTmgu7I+Chssu7e1/PuRtVWYm8e01Q2qocXyy+cQUbRUdFEffnPuTLTVudrkPIcPkmWB5iJee0nWqscxg4dlUFtmZP0ioPFXihlq9G77soU7d1uyOYRtNawGFh7JVVZpdDGRdyNDcJI3MldnPr9YQoper+j/a/VQ0MrKAwHzlDQXKBumM4CqLbVMm31OeJXUs3R8faJ/NVVlkeGGPnjim26Xpu9d5v6YTrTWRao4j2Sn2WZzmMz2R+yqe1S0tUHx8W7XvbG3U44C6fTemEa6mHN4XTafGrWMKOqgkOGPBRrqYHGsJ1TCxoc5wwUa6nacF4TKqF+S1w4KKrhlOGOBTq2nacF4RqYWs1lwwnTRtZrJ4ITxlm81cFHKyUamHIUkjIxqecBR1UMhwxwKdW07Dpc8KKVkoyw5UdTFKcMdlNq4HAkPHBMnjkbqa7IXT6b0x+KfIxjdTjwUcrJRqYchdMp9ejWMo1EQfu9XFOrIGkgvHBdJh0bzUMKORsjdTDkbaiBtRGY3cio6CN1cafuVVEI6sxhuoD8lUMDaTzNPa+SpG72pjEQxy/wDqeWCSTUM81NG5lFHnvJ+SulFHFE2Yc3Ktpm00EZYfP5/v2qupm0LonxHiqgsFVJrGeJW7c236jyLvkVcZc08EPqBVHN/IzRHuVi+qe1Xz6ofYpYRBFDMzmfkpu3Vv7Or1K0sDYODdPFXWF1HPvY+Ad+yp4uiUIZ9p/wAFa5N2JofUUCzd4I4+Kr3Oio4oDzKo6l0NNNGD++SprbDLSiVztJysabmwZzy+Cp4my3GRjuRyujzb3oWe/wDZ/BRRNiYGN5DyI7c9taajPBVVpqJKkzRvwn2mqki0Pkzx9altEmtkkZAIA9yjszv4msjtI2WoMIiLhwKuFA+phbG08lU27f0zYieLVDZZjIDO/ICbZ3GeR7zwdn3oWWo3Bi1DnlGyvklaZT2QAPwCNkkY927d2So7LVs5SfFXGldVQ7tqisUmob5/AKa0VJndLG/GfvVBBNCwiZ2oq6UD6xrQ08lV2qSplYXHshGyOjm1Qnh602xv6OYyRnOQhZJnubvncBwTbJomJaewfxXUVR5m87H77lWWcvLXQHBCttsdTPMkhy4rq9/T+k54fpjy5KyCNxa93EKW4U8ONbuanq4acAyHGVDcaad2ljuKo7hv5JCSNI/eVFcqWV+hruK64o/T9xXWtJp1a/ipbnSxO0Pdx9qNbAIt7q7KZdaR7g0P4n71Jc6WN+hz+Ka4OGQut6P0/cUaiLdb3PZVPVRVAzGco3SkDtOtSXSljdpc7j7ULrSEE6/in3OlYAXO5/eoKqGoGY3ZTK6B8u6a7tKorqenOJHYTrlTNaHl3AqnrIanO6Ocf0Ky21ck73NbwJ9Sq5DLJ2zxaMfgq2ffUUR8OCom76sZgacfJUjA+OZuccvio/4T2GZvD9/irrRxU8rGxjmrzSx0wY2MePyW5ZPcyx/L9FGT0eRvdwVBDJqY4xDHjx/HmpYXRl+O03x/fJWt7HUrdCja4h+G5+SfUNbbWxtPM/v5K0ytZI+LVwI5p0To28RlueY/NXGmgFKyeMcTj4KppIore2Ro4nCmaHGAHwHxKjc2ir36OQz8PzUE26kbNnjlXKJzqovjw7Pdz9ypaXpkQZGOIPH9+xWqhfShxf3/ANAqGxRN1b06s/vxXUJ0aN57v1Uto1TNmY7BGO7wUVka1r2udnUorFhw3j8gdyrrb0uRr9WMK427pmntYwqmyb+Uya8Z9X6rqVgpzC13E96jsLmOB3nL1fqn2HtHdvw0qmp208Yjb3L/AE+e6T3fquoW5b2uATrJHvQ+M4HguoDnSJOyqu3NngbC04AU9v3tK2n1csKaybwMGvzRjkhYAGEa+J9SfYYTEGg9rx/RSWR2Q5kmCqCgbRsIByT/ANF//8QAQxEAAQMDAQQFCAkDAgYDAAAAAQACAwQFERIQEyExBhQiQVEVFiAyYXGBsTRCUpGhwdHh8CMwMyU1JEBDUFNyYnDC/9oACAECAQE/Af8A6E0nGf8AkpLdNFGXyDGMfj/eqaAi2Ryju5/HZRwaySeWwtI2dH6SGoc8SjKudspYqVz2M4q3xtkqWtdyXkej+wrXSxS1r2PHDivI9H9hGzUZ+orlZW0zmyR+rlCz0ePUXkej+wvI9H9hTUFMyvjYG8MH710mwadpHj/cDSVhUrAaVjTy0j5Krs5hqMfU/nBNaGjAUFAc5eqw/wBU42dF/Xerz9DerX9LZssv+4SfFVWdy7TzVk652uscleHaKRxQ6RVfsULi6MEq73eopKjds5IXmR1S2eUZ0q65fbGPPec/flMbrcGo2Wl3G708fHvTbaWk744wpKEaNcTsojHpxu0lYCt0gkpmFXCPVCT4bHODRkp7tTidnRf13q8DNG9WkZq2bLJ9Pk+Ke8MbqKdeKMfXV4vAqxu4/VQ5qn/xN9y6RfTPhsslzjnjED/WH4qrsMevfw8Dzx3bL449YPgqaodC/Uq6EMflvI/2IpO4q2XHqp0u9UqtvdJui1rslNla4ZBVbVBw0MWNlmrBS1GXciuzI3xBUFupoHa2N4q41rKWEuPNdHDmqJKrfo7/AHbW81T/AOJvuXSL6Z8NjHuY7U3mrPceuxdr1girjYjO3Wx3aUtnrI+bFJBIKXEjcFvo22iFZLu9WEejTWtJ15+Cfa2tbnK6m3xUo0OLdjU2kbgFRW5rxnKh6OslZq14VytAoWtOvOfZ+6t9BMyFpEhRp5z/ANRV9mLmOkc8khQVMtK7VGcKgrKquk3L38CvNqP7S82o/tLzbj+0hQzAYEpVVYjUO1ufxU1l3H+Ry6hCfVkVkgfS1BzyOysq2Uke8eoKhk4yxVcDJYyHhV1qo9BEQ7Xv4LyexvryBdQid6kgU9O+F2HKlndBIJG8wqWpZUxCRiqYdDy3uTm6ThVbcP2RNycbIIjwYENMLOPIKpqjcawY5cgmt0gDY5uoYVZFu5XNXR/6UPSkjbI3S5XKkNLMWKhqXRTt48MoHIyFJCyQjUOWyt17rsqsnk1lpKyVlat7SdruOy1XJ1G//wCJ5p7WVUWph9yqYT8QqiPW1aeKpI/rKnjz2iqSDdjW7mr3d9+dzF6vzVgh11IPh6F/h0VJPiuj/wBKG2Svp43aXu4qOvp5ThrtvSSLg16pG5naPaqAuMPa9uyR+juyrhW1DiIoWcCrpEY6hwO2X+jTNZ3njsBVouhpXaHeqVUwCVutinix2gn0+XcFDDq4dyoqb65V9u3OniPv/TZ0chxG6TZr7enZ0jhzG2RWD6UNt8OKpyikIdkKndqiaTs6Rn+m0K2W975A8prdIwNj3hgyUauWZ4aYDjxV7opHu3gHwRGFRU4cd4/1QqqczPLtoK6P1+r/AId/wVbBpOocinN7ekKkp9TtPcrzX9Tg0s9Y8kSm81a4d1StGxtT/qBZ7Nl0h3tM4Kw/SxtuVpnqJy9vJU/R6bX/AFOSa3SMDZdJGPk1u4gclRw7uME89rjgZXnJE2QscwhXavkdM144Lcx1o1t4HvVZOAN1HyHo0kxhkDx3Kskb1YuVM36yoo9MefFXyo31W7wHDZRxbyVrU1ukY2R1X+oa/bscNQwrZFu68t9KsdKGdgK20skv9Sbl3D0b+wNrj7cKopXTyDwwpawQ9iDkPxVRG2oZvo/iiMegxTzaqGEfzgoPUUYwwKodrkc7x2dH4ddRnw2VUm7hc5NJD9Sgfrja7ZutFzz4ja6ojacEoVER5O2kbt/DkfQrqh9PCXsbnCMb6l/WKk4VzqHB27HLZaPXKurGmPV3+g3mteaeIew/MqH1AncGlPQXRyHEbpNj2NeMOXUaf7CYwMGG7JWf8Qx+29uxVOTZCCrJUOmp+13bJ/UygeCjuDp63cs9UbKwPMDtAyU98r6nTJzyrg7M7tkUronamqWU1FLqdzB9BnNMPYaEwYaFzCkGCmDirZDuqZrfSk9Zvv23mB76lxATKGYnGkq1UhpoMO57J/8AGVPJoiOOaoqPclzzzOySQRsLz3KGWCqm14w5VFBI9xe3inU8jeYTYXuOAFK3q9Nu3cz6DEwYaEz1Qo/VCrG6ZXD2qii3krWpo0jGyovMEEhY7uXnBTKmu8NRJobsk9Zvv9ObjhqfTMkc1zuY23yVraVzC7BKoBoY+T2Jsz2HLSm3Ocd6ddJynvc85PoR7GeqFD/jarwzTVvHtXR+HXUavDYThV0pfM5yyVbJt3UNOyT1m+/0nODRkpgLjrPoSRNkbpcFXWYRUxEJ9v8AYjdpOV1xvghdGAckzpHE1oGgq5VbaqcytGMq3XM0WcDOV5yyfZT+kchaRpTjk7I36DlN6SSAeqj0hc7jpXnI/wCyvOWT7K85ZPsrzlk+yndI5z3IdIJQc6QvOao+yF5zVH2Qm9Jp88WhVF6qIwHsALSqa9VMvFwACl6RynLdIwj/AGMrKz/ydPWyQ8ByU9dJMNPd6ek4zhaHeC0OzjC3bvBFpHMLdv8ABbt47lu3+CDSTgIsc04IW7dywi0t5rS4jOEGudyCII5oNLuSLS3mhG8jUBwQaTyCAJ5Ldv8ABbt/gnUGmnEpPE9yaxz+DQtLs4wgxx7lpdjOEI3uGQEBnkiCOe2m/wBkf/O9N/2+n/8AZvzVRSNkqI5hzb8lT/San4fJFhuNsjxzBA/Jb4debA36rf0V1fVNgk4t0/HKO+yzRjHf+ypp6Xr8oaQHHH7q4tl1Q6xnDh2v2TP9zd/6D5p8guNJMJB6pP4K3wthpWU7vrAqxtdTMqB3t/LKr3ivtgqXDDh+uF0W9aT4fmq6LfU7Y6nGouHz/RTXDq9ZHSNb2SqWBkE07WcuHyVi+nM+PyTLi6O4upgOBP5BVdxd15tLjhkKpdVBx3Zbj25TZ/JtuZLGOLvzVDWx1dfrazSdP6KGkbHVOnZycPxWjeWkM8T/APpV1xFtkjgYzsq0tjqbg6oa3AHzXSKMSNjqW9+21XOCKF1PUDslVl3pzuooR2GkH7l5fiFZvBnQQor1TNmmec9rGPuVlusdG1zJeRVLdY23B9TJyKrKy1zNe5rDrPz+9TX+HexOjzgc0LvRb5/Dsv8Amp7xTNbHDDnSCD9ybe6YVhm4404/FSXmjawxwtI1Hj+ak6StEwDB2PxUd5omyyO44fhXG6wSU4pqZuGqyXGGiL9734XWHiXeA8iherfI4TyN7YVHfYhJK+b6yFwtsUrJIW4wfyKNfF5T6z9X9lPcIn3EVI9Xgp7jaah+uRhJ/ntVLdaR9P1eqHAcl5dg62H47AGPkqG/RRF7ZM4ySPinXOLyfuB62fzym3qhm0yzt7bVFfoWCSQDtu/gVVeYqyjMcow/8NrGOkdpaMleTqr/AMZ+5CgqXcoz9y6jU6tOg59ykpJ4hl7CPghQVJGRGfuTKWZ7i1rTkJtDUuGQw/cn0k8ZAcwjKlpJ4RmRhCbQ1Lxqaw49ybTTOfoDTlNgke/Q0cUYJA/dlva8FJE+J2l4wVHE+V2lgyVJSTxDL2EJlDUvGprDj3KWGSI6ZBgqSmmiGXtITqOdpALDxUkEkbtL24KNvqh/0z9yZE+R2hoyVJE+J2l4wV1Ko0bzQce5CnlMe809nxTaKocAQw8V1abebvSdXgpI3Ru0vGDtpqh1NKJWcwpbnM22ipGNX7qimc+gEhdpJ7/iqR5dXcZNfZ/NVrzDRymZ2rOccFE2QxQ6HY4DPtVNKyS4y6e4BWSvlmlMDuTf1Vvqn1dVJvAOxy/nwVvq33Fk0cw4KlbI6ihEbscAhKx910jmG/mFaotNTUVHgSq6H/UIJx3rpD9NPuC6P/Tm/FQ1Dqmaenk9UfmqfLKGPD9PtV4eX1PF+rhzVmmZX0+4l4lmP2VNN164mT6sfJXiPe7iox3hOEm+BDuz4K2NZLXTVLRwCrqVs9XTyuHA8/mqy7TwVphYzUMckHarO84xz+aqpXQ2uF7eYwuswbnyhjjj+D71LK6Z5e7mfQkubHW8UuOIVJeaeOlFPKzKivNJDPvI48DGO5Q3qPdSQytJDifxUl8biHQD2P0wm36nbUGYMPEYVsuLKOd0jhnKpLoaaqdMBwd3Ke/QiJzaaPBcnXoCmijYO0zH4I36n6yJ9B5YTb62GFzYW9okn7yvL7JGM3re005Ut9opcl0XH4K2VbaSoErgpukMWl24jw53eob3SimbDLHqwrjUQTyB0DNIVouLKF7nPGcqhu7KSF4aO0V5fEsGicZPsT+kDetNma04xgo3+KJj9wzDnHKff95TgPHbBznuXnFT/wCTddv+d6ob2I2vZUN1B3FXS7Nq2NiibhoXlJnk7qmOP759OOinlaHMbkHgobdUz50M5Kno5qklsTc4U9tqqduuRmAq23dXijAadTv5gKa11cLNb2cF5Frv/H8l5IrNRbo4j3KG1VczA9jMj4IUFQZdzp7SfaKyNpc5nAe5RWqrlZrYzgnNLTgoWWuPHd/JCmlMu5x2vBVNJNTO0yjCForCzXu+CitVXMwPYzh8EbRWBwaWcT7lHaquQkNZy9yqKSamOJW4T6CoZFvnN7KprfU1IzE3KZa6t7ywM4hVNFNS43oxn+xQ3Shigja93Ee9UEYhiBjHBxz8Dy/JW6n3Fxmb8fvVe/cW9+Xa89/vVdIY5Kd+nPP5KX+vHJuH8e8H+cFZq6eogkdIeSsVXLVGV8pyeH5oVElPZ2yRnB/dSNBq4X9+CrnURaZGic6vs/lyUE7JRGCSx3hy/DvV2ZIyreJOale1pi1P0/moqZz7s6V45D9v1V7ifJDHPp4g8k2Zs7uy4tfjkf0Vpqqjrj6aQ8Bn5qjrJprmY3ng3VhU7ixtU4eJ+Sma+vtsZf6xI+ePkqmDfRPp8cMcP59ytU7BRiKXLOPPl+Krat1DUF8pyCOHD5/ervXtqywN+qP7AU/SGZ2kQjSAvOP+rvd3xxjn+yhvOmndTvZkHPf4qa/Pe6NzW40qbpDljt1Hpc7mVb7p1ON7NOdStl06jq7Ocqkv/V4GxbvOPb+y8uyOqhO5vLuU3SFsrC3dc/54KPpF2RvI8uHeqmofUymV/MrzlHDMXL2/svOOTDzp4n8E2/ymAxyDJ8V5yfWMQ1+Korm6mqHVDhklU1y3FWanTzzw96p7/uXPO7zqOead0jc6RrtHAdyZ0inbMXu4t8FFfwAWSR5bnKuNxfXSanDAH/Zf/8QAVBAAAgADAwUJCwgJAwMDBQEAAQIAAxEEEiETMUFRYRAgIjJxobHB0RQjM0JScnOBkZKyMDRidMLS4fAFJEBTgpOUovE1Q2NQg7NEcOIVVGBkhJD/2gAIAQEABj8C/wD8SK/9DLE0AzxMko36wnGQjAevZphCnFpwTShI0E7Tn9f7WogHeINu/JhBMmzbzS0fgoKcJQde2PCz/cHbCOrsysWHCWmanbuBb10XWYmlcwrHhZ/uDtjws/3B2xNlsamXMZK66GkB3mOLzEAKo0R4Wf7g7Y8LP9wdseFn+4O2PnE4csgH7UXryOn7yWcBy6R64qufRDyzOnm6xHEHbHhZ/uDtjws/3B2x4Wf7g7Y8LP8AcHbHhZ/uDthsnNmVVb3CQY88SzaHuJe4ONOEovY7M3tipNSYqOLQXfNphzftfJGTOcbtTF7dpvGiX9Xk/wDjXck+kfoTc/7M34Du2v6zN+MxJ89+reiYmfUcxGowLng2o8vYK5vUQRE/0jdO+nehaG1I6U/iDV+FYFpLLQkC7pxrQ/2mJXoZfwD9raAwi8NzHdoN60S/q8n/AMa7kn0j9Cbn/Zm/Ad21/WZvxmJPnv1blpa6hYS1u3kDUrMQaeWKulnmjyTJVOdaGO91uMoZa56EbkkLxg8z7H4w8z9cF5iaZJPvxntn8lPvwolszKyBheFDjuNMmPNFHCgIgNag6yNUZ7Z/JT78PkxaSzLd4aKB8RiYkuW0xqoKKK6+zniVLzUa43KiL1sYkn/iXo3QMnlHpUhuKK5ttYKGWJUylVC1un26dyiqW5BHDRl5R+wBhogT5YLWd8QfJ2GM+425sOeK/ItEv6vJ/wDGu5K9JM6E3P8AszfgO7a/rM34zEnz36ty0oGQMZa3b7ha0mIdPJHCazyx5WXV+ZSTHe63FUKtc9Bp3JGstMb1cEDoO4Yk+hTo3D6dfhfdxESk1ln6F+zFnNRinWRuS5TcWZMVDyE0h5z8Z2LGFmIaMpqDAn8SzEXsPh9tYyElLzDxU0csZKfLyd7y8VMd02Yd68ZfJ/YHsraOEvJHCs6erDojwH95iZLQUXAj5Rol/V5P/jXclekmdCbh9DM+A7tq+sTfjMSfPfq3t0YKMXY5lGsxeVSqABZYOcKPyT69wxJ9CnRuH06/C+8SYMclVW9bEg89PVti5JtE1FrW6Gw9kVvS5c0cZSwFdo7IkXgy99Q8IUwvDdEqWSJjVQHUKk9cV3O4Z/CFOBXogoPBtinJ8uk5OMphZqcVhXclWkZjwTv6b0xKP/68rmQDq3E+jNI94YfAdyY/kSGr6+D9rcAGkxaG8qdMP9xiT579W5NMwsBLQHg6asF64zWjmj5tMY/TnYewDrgBroUYhEFF/H17piT6FOjcPp1+F95UZ4M+SOBXhr5H4fnlgWedMuymOBbMja/z1Q5HlHcSfMpeLBxyN+Ruh1NGU1BhbSg4aC/2j9gyUw95b+07jyX0iGkzRRhz76u+lt+7Yy29t4dJ93cNVvIwo66/xj51OXYbOCfbeFeaMnKDXSauzZ3PUNm4J+iR332Zh6zQeuFTUIk+e/VuWrzE/wDKm+aJPoE6Nw+nX4X3ujNTHMRqMZWXUy60IOdPzr3VlZRJd7S2aJFgV04OBLOqYDRifzSCpFCN2bZWzcYdcTJOhWw5P2ASp9WlaDpWL0qYrjZHfhQjx9UFJNoyijxrsZ6ndqd+SQWluKTFGrWNo/OeBmZG4jjM28EuUpdzmAgS0N4VvO+h22bBz+zck+e/VuWrzE/8qb5ok+hTo3D6dfhffG+KpSj+b+ceUCHkvxka6d2rszUFMTAlzVMyUMwrQryRi81V1ZKv2ov90SLmu/1cbmiVMkzUm8KhunGnJn5ok2qWQVmLSo2fKXZSmYdS4x82ne4YGVlulc14UjPGeMQVYRw2ZuU70Vwrm3fms/8AlmC8yRNRRnLKQIwYH17rdzypjrXhDJ3lJ7eeMf0VP/7ZZRzgx8yt6/8Abr2R/pttblN37Ji73HMRDnVJRx5dJgZWTMlg5ryEblx5STACSvCIzx81T+aYmCzWQ0NA7LebMQ1OYR80n+4Y+aT/AHDHzSf7hj5pP9wx80n+4Yp3JP8AcMLf/R0xyq3a0YYR/pcz+6KCwTUW9eNFY1wPbAyst5dc19bu5gIxG7LYZmlAD+HgfZ34agNDWhgWLJvlMXTEG81DhopX1wVmi0I4wK5MYc8EoThnBHyAaputuSangzO9n15uem4rDxZgruzToJrzb6yeiPxtuSBqNfZuZGvCnPT1DHs3Aq1JOAAgSwa3RSuuLDIlTCpMszmKGlbxw5hHzmd75j5zO98x85ne+Y+czvfMW6RMmFiJYnKXNaXTjzHeIUdl/WjmP0RHh5vvmPDzffMeHm++Y8PN98x4eb75jw833zHh5vvmPDzffMVW0zhyOY4Ntmtsc3umB3RZpdlmaJspOD617IUTpTm8KqyUKtyGMZc/2DtjvmSvHy0pzxes7ldqPUQvDyl01rSmB7DT394mCnKi897SK0ofZX1wzZOaiUPfMuGC7Twc27aUsV4T2QUumhpWDMnyCiA4gmjHbBD2ic657taLH/pz/fF2UHI+glI8HPH8I7YunJXjrF0wZ9nJeWM6nON0ytJ4p2xQ4GAQaERKtIzsOFsOmJsjSy4csUOfclTPKlLzcHq3wTyFC8hpjz13JtqOYcBevcaWp73I4A5dP52bjWtxgvBl+d+HZCylwLsFHri0FRRUbJqPNw3tnLCqu2TYedhDSmNSjFT6t1PrR+EfKdw2w1sjnPplN5QhpMzjLz7dy/LYq2sGkZCa+UW4+cY4IT1D2bwJYzeIVRlLuagAw24Z/wDMVnTpkzzmru5djQstVGta06egxMs8lFl3Gu3s5jv8535ThvRY5pvKR3vZsh5a4IeEvJum1Jxx4Ufa3O45h71PPB2N+O53Qo73N5m3CNMo19R/Gnt3vC4oxaCzYkmphZUsVZjQRLkL4o9phmU9+mcGX27mTBuqMXfyRrgJLW7LQUUbIM80pZ5bTiDpoO0iKne1EC0ClLRLWdQaKjtB3U+tH4R8qHPhrGQjbZZzew7stUW8xbi1z7IeViRnU61OIPs36yzxpa3R5n+ae2Ju2h5t9Z6fvBEvXk+s7t5Y7okA5Fs4/dnVuZKa36zKHC+kNcPIfTmOow0mYKMpoYDZxmI2RdrXbr3l3S2J5Nzu2aOEcJfJrhp05wiIKkmGntguZF1CFkylvO0dzScRWsx/LPZuWqZ+/mLJGynCO/sr/uJjSTtrwh17qfWj8I+VEhzRLSjSW9f4xR1utpGrckA7TzQ7pgUYA/xVbpr72zfBJaM7HQBCFmDPMIQ3TgBXXpOb85pZ1y+s74Noli9DAZpYC7w8EMpFGU5mECbKN6zvxTpU6jCWiQaOhhbRKw8pfJMd0yl76mf6Q3LvjJm2jdqeKM8VMcId5TFz1RQUAEdy2dv1aWc/lnshZUpSzsaACDIlEPMbws0afojZ07tgs+B72ZxI+mcOYDf2+zmg72JwJ+gew7qfWj8I3q2q0zZ4LTCgEtQc1NfLHhbd/LXtindNrl7WlAjmMNPsdoS1y0xagKuo13To3sid5ExW54tK/wDKx9pruE+TLJi048eYt3+Fcenp3sqW9yZwatSUb17lw5M9IErwGXF8EKVP8QJOHrphCPMmy3WWwastr1YWZ3Pkcmacata/nn3z2uaOEwvdg/OuGmNizGp3rK635bYMuuAVJeS/Efq5YE1MUOExPKEJPkteRxUQbXIXvbcceSYDDOIDrgraNUUEXQagQsmUMTzQsmUMBnOs64b9HWVtk5h8MBVBZjgAIKYG0sKTGHi/RHXupKBoXYKPXFpYYKrXB/DhurLQVZjQDeWZjxWe4eQ4Q8ompRivs3Jf1o/CN7I9O/Qu6s+VxlPtiYJIpJekyXyEV3tp87q3LRa7hKpLpynVDm8GC8GozHWfWan176+l+o0iJi2yyylC3ZjhUum0G9mPt5omsyoZV7gLLkKKEUvNgNWHr3tD4JMX7IFjlngpi/Lv2kzQTKfPTRtEGW+OkEZmGuMjOb9WmHH6J1xQgMrD2xVcZD8U6tkXGNEbPs2wbw4RwHbCy0FWY0Ai7nmNx2jIyT+szRh9Ea4qYE9/nMwcH/jXtO8a0Gn6vKedQ6aDtI3lmvcVDfJ1UFYtMmlAsw05NG8W0Cn6xKSbQaKjtB3Jf1o/CN7I9O/Qu8/R/wBRl9e8s8ry5qjni0sf3rDngTZ1Vkc7R3NZqCnFu+UOw8/r3wtNomSbtcJWWUE7TjWnPFBbZAGgC+AP7YP6zlh+7ArX31pEiVITJI5CYmvJmphU5oW3fo5cHW/k9mzdWVLFWbNAROFObNtOuCzGpOJPyGQ/3BjKP2fXuf8A06e3DQd6J0jVDSZo4Lc0NImZxmOsRiax3VNHfXHBHkiHtM3MuYazqh7RONXc1MG1zkDS5ZoqnM7fhBZjUnOd5an/AH81ZI9XCO8/SVpoTSRkvfNIkWo57RZ0duWlOreWZ/3E1pR9fCG5L+tH4RvZHp36F3VkSuM3Ntia8nwS0SXyAU3j2xhVLLLMzlOYCFn2mtzxVPjbTBSzYqDdBHjnsHPhtgzJjXm391FZjqAijAgw9uYEBRdlG9Th4dRgSm4UjV5PJHddiK3yK7H/ABjJlTfrSlMYa1WqmUpjs2QZ0z+Eah8kLSP9zj+d+PbCTpbXXQ1BiXaUwvDEajCykA70KFtsInirwn5NzuaWe9SMOVtMJKQVZzdEJJl+Dlii7du9sFnFDSUZpPnnspvEzhp9oLcqqKdJiyTAtMhOeUTrrwt5b7MaCsrKj+A16K7kv60fhG9FltNnmzLswuCj0z07I+Z2r+aOyPmE99jT6dAhrPZJCWSU2DXcWYai29WzzV4bkTZ4+FT0w1jlKygYNhi2yMkCCJIuYZq+Nz1357qUnyfJ9dMYuVFw4gLgp24YQGYK5XillrdiW4HDYJebScNzS8puMnZC23Jd8u6urXF2hSUhwU9fycyT5QqOUZuz17lpkzDwWW/LH0vz0QXY1YmpMX2HfJvCPJoidPB4dKJymKxNtHki4vKfwrvUkgkGYwWuqsWlxmD3B6sN5YLPoSzh+QtiYt8mlWULOQchxPsO8sznMXunkOEPJJrk2K110iX9aPwj5OgFTCWi1qO6M8qSfF+k3ZCrI74FNZjHx4lTJUuk67VCeNy9ntzZ/kCp/wBqZ8Q/+J9u5I5E6IoM8d12ygYYgHMkC6n6tmOs7Y7vsmJpVgPGGv5MMDQjNExVUqtaqDq0QX9USZJzFseTcs9kBzDKN0Dr3JIqDeq52aOrn3r2nD9XlPNodOFOk7yVJGeY4X2xaGC3aPdp5vB6oyGFJ8t5THYR/iKHeJacP1iUk3DRhQ9ES/rR+EfJifIuXvpLWGlS37jtUzQxqjnYdBhlnJScpoJba9Z2dMF3YsxxJOn5GcNGB9f5ruWSVLUs5uAAebHdVsZcoNOhIuiqSBmXXy7mQmnvLf2mO6pK96bjAeKfk0byk/DqhduMTGpml9Y3LRQ4IQg9Q7dxU8hVX2Cm9tLV8PNWVTk4W8lzHWqSQ01tlB20irYnTEudSuTcP7DWLVLpTvhI5DiN5ZzXGRNaXTYeFWJf1o/CPle4LQf1tB+rTTp+gYKsCrA0IOj5A5NcBnY4AeuMmpvEm87azo6/bGTkrynQIVppNFF0U0xemYIOKmreScsammHJogy5qBlOuJkjOBmOz5GU20jo7YpFpPm9e5PneXMLc8Kus0h21sd7YLMKcGVlTyua9m8/SNp05NZXLeOPRu2S1DHLWdbza2GB3lts/lSsoOVMe2Jf1o/CN73R3RZZKXrvfZl3GP8AUP0b/UCP9Q/Rv9QIMySsu0oM5kzA8FWBBGcHeB1JDA1BEWf9JoABa04YGiYMG3+OaHWRLeUklaqC1RSoGbr2RlJ9ZUrnaO5rJLVpvkjMOWLOmtid7Zypr3sD2bjBfEUKfkbOv/IercntrYbh5Ys665i9O9SSCRlGC1GisWmZov3RyDDeGzTLGk9TMylSxGNKaI/0qX/Oftj/AEqX/OftiRJSzJISTeu3WJz7yzzNF+6eQ4QJWPAtrLj5u9kenfoXdDKSGGYjOImTmFbZZxeLU8JL27RvbZJP/p5qTl9fBO7cSg0sxzKNcAyjNJvUJbThq0e07x5s4qJa0re5D2QZdlrLl+V4xizg/vV6Ys8vSAT7f8b0gLlJZ8WsNJyJlkLUcKtYnSya0ata/Iy+U7jn/lPQN2y+mXp3sy04fq8l5orpNKDp+VlTsO+T7x5cmN7J9O/Qu8WQeLOR5bcl09m9t6HxrFMpy59xJQIF9gKmFlqGCTOHwqXjq/P5EpNZZ/s/Z595OSa9wllYG7XMG7RCspqrCqmlKxIG2vNAHkywN9Z2Hl3fbhCNrl9fyMttrfZ3D6Q7hG2JDapinn3toauNonLLpsXhV+Vk/W2+HeyPTv0LvLTa82QkMQfpHAb2bq7nm1907iMcAlXJ5BEgyrtQrVJNABh2wzrxBRUr5IFBzb2VdnFJiLdocV/Nan1wWnpwQhusMxiedTU9m+s6rocN7IljVL6z8io+kerc/wC4dycupz0wrajDrqbeWGyjxJOUPK5r2fKyfrbfDvZWQlNMpPet0bFj5pO92Pmk73YBtGTsyeXNmAfjAsNiJaVW9MmkUyjdm9t7nxLFMI6NybarTQNNFEvD1+wZ/VsgpdfycW0Vr1DZ1bwTdEkX/Xo56RWRNZdmgw7zZardNKjTF6WUvnSnBb2R+r2gHY4jGzs3m4xw5MxeVY4p9kUSzuBrYUENaJ71mUxPUIee+dj8jL2r17ko+UWPPuWwf879O4zeUa7suRiMowWo0Vi0zdF+6OQYfKyfrbfDvcGIjjt7Y47e3f26ec890kIf7jCOVDhWBunTDuJrszJdVXqWU118lR699fqKzJhr/CP/AJHm3Jj5i6sfbgNzgz2YanxjvtnRvNNI75ImjkoY8FaPYO2KSLN63MXp8wtqGgfJBT5I5xXckev4juWsH95X27ksr+7Qf2jdm2r/AO3kvMFc1aUHTvbK/cllnPPZ2Jmy7xAFBH+nfo3+mEf6d+jf6YR/p36N/phH+nfo3+mEJaxZrPJdJ+TORS7UFa47yT9bb4flrJ+jPGkJfm+e2PNv1SoF40xiZZ5aM3CBvM2KHThtgIoqSaCJFlU56D1D8j9hdGzqbvs3JHIenctP8Pwjcs13OEIblvN+G7ONTW0zll02LjXn3tns1KGRZ0Rh9LOene/pCQFq2TWaNl048x3kn623w/Kv+lLSO8Wfij95M0CHnTTedzeY/ISbNMmZRHa5wgCRXDAmMrMaVNSQ5ymTfikVz3qaRACngy1p6/2BUGdjSCxzk13LP5u5P5F+EbijxhNavsXdsNkH+3Jyh1hnx7N5IkeXMC88WiYaeENKahgOberJbBJytKbkI/xBVhQjA7sn623w/Kd02pu5rGvGmtp2LrMJKkS8jZJOEqX1nb8m1+TLpKTGaq0NaeNrrT20/YKjxcfZu2b0S9G5P5F+Ebk4fTXr3FR2uKxAZvJGuJ9pW1WG67cHv4zaI+dWH+oEfOrD/UCPnVh/qBC2yfaLGyygzXVnAkmmEAb1Jt29k2D05DWJ86Ra7Fk3csvfxpj51Yf6gR86sX88QtiFqsgmpaC5rOGa7Hzuw/1Aj51Yf6gR86sP9QI+dWH+oEfOrD/UCPnVh/qBHzqw/wBQIxtdgH/9Ai/M/Sdhu/8AGxmH2CKTLZbJw/47OV6Y/UrBJLD/AHLTlH5rtID2q25QjNwHoPVdjw6e5M+7Hh09yZ92PDp7kz7seHT3Jn3Y8OnuTPuwFWchY5gJcz7sDKvcrmvSpg+zHh09yZ92PDp7kz7sXZcxXbUsuYfsxdmTFRtTS5g+zAM0yJslqB1aVMOFdGGeBXPT9gzbgVbTOAGYBzHzuf8AzDBmTe+Oc7NiY8GvsjgqFrq/6GGU0IxBi4/BnLn+idcZOctDoOgwJclC7HQIadONZpz7dghp0zjMa/8AXBOktRhzxdtcu6dIK3hB7mSp1Il2L83MOKozD/2Noisx2CKvLdeURVJbsNgi4Zb3jopjFXlOo2rFERm5BAvy2WuaoipkzAPNgESZhB+jFDgYqsmYRsWMJMw6OLHgJvuGKvKdRtWPATPdjwEz3TuEqpNM9Bmi9dN0adEXVBY6hF5pTqNZWKrJmEebFTJmAebuURSx2CLzSnUaysUAqY8BN9wxw5bLyjdqJMz3Yq0mYB5u4bqk0z0EFrpujTo3KmTMA83c4CM1NQgKZT1OYXc8eAm+4Y8BN9wxcyT3qVpditllTEmE0vcW6NJ1/kwqOLVNu+NMqSdwVUiubDPFGUqdRiqS3YbBF1gQdRiokzCD9GDcls1M9BHDRlrrEUVSx2QSFJAz4ZtyiKWOwRV5bqNo3031dIi0ekToeJPnv0LEv6vN+3AfG7mcaxBxB76mI08FolenP2YlefEud5a0PKMOikSXAHCQYbc3ORBW/wAFplwN9EYV9kWcgXayc2rhtAcMgBiYXZTeSgpXWItI/wCZumDMysqaBnuVw9ojJu16YHVFJ01rn9kCWrFUqcmp0DthXsxmP5LKuMFpksy2aUSVIpoi1eg+2sN6OX8CxlioujSGBpDrNJaYmN7WNvr6Yu499anqGJ+zEsOKB+Cb2bHMeuJPpB0wJcsVY7YDYoTpBqDs/CEmgUrn2H89O5afTN0xfvq4DUvJXA+uBNmtiC19tOGN786oEtAaV4EuuA/OuFnYpjg6NmMS5mAcPRwOmJHpV6dwekHQYuLSpmzaY08VIvzFF3YwMMZS1C5+EBFpSYADdGY18dYN0qKa4Vi8ugO3sgFPCPgp8nWYM0Y1OdmzmBY5tbpa7dPiN+c8SfRfaMZFuNLzeb+enZD+rohvTfeiWqipNocAepIyEiplXqIo8fbAnZrp4yNxTAmHjqbr4ew/nVEuV5bXj6s3SfZFz96tzrHOBvpvq6RFo9InQ8SfPfoWJf1eb9uJxT/al5SmsVHbHcrVvrNBU/Ro3bEr05+zErz4c4VlkN1Hq9kTXzZAlq7SODzjniZOx4K3Qdp/C9Fm9D9toUSJDtL8U9zhuekTO7JZQ31uVlBNDV0ckWn0zdMGSyrLBPCUCkXSwyjEOaaNVD6+iC9lW+jHiLnXZTTASYcoEwuTcabNnqhpicVpZNDnGeLV6D7aw3o5fwLEz0T/AAmAugq1fZXpELITG4AuGkn/ADT1RKcKwW7cq2m7+F2LNOx74ytXbXHnrC+Y/wABgtpE5QPY0BfFvueZdy0+mbpjJZNFBatErifyYmI3BmYsRqrQU9kTsK969nCWLTe8VQRy3h2mHGjKJ1xI9KvTuD0g6DCenmfCkNyiLT58voeLV5g+NYbuSWz+VSVfhBOs7CXXhE2YDD2RZ/Q/aaJS6AuHT0mK3Sl4XTRbt4dcSfRfaMSJwIN5Q421GIMNMl1uGlK54b033ovA0KzJrDlCLC4V4L/CYuhb97C7drX1RwyTdwxOaBZs1GEnXTXz1hbRdEpnUOAopdph1ReWgVheArWgONN7NkqKs68HlrXqhgylkbphbqFVUZq59sZFs8uzuP7WJ6YnkZxK+0sVQUlviuzZEr05+zErz4usaKwunkOETZOK14DjkP4Qhwq5LdVObnizeh+20LLaS5I03/wiYqy2Qqt7Fq6QOuLR6dumFtA4y8FuTR+eSMi7UyemleAezrgyrVMnFAbrpe6olBLxKVxI5oo2cy2amqLV6D7aw3o5fwLBlypRV2W6WLVz59ETLRNU3ANGzFj7Bzw5XhO3CbGkGZMUXVz0cGJaaUnL7D/jngTSt4UIpXWKQqJLKIMTVq1MJLbjVLnZWmHMNy0+mbphhlZlDovQUbMwK11V0wwdT5Mxa5xGSloRjUk9EKWwM1w1NmjpPNCTaVuOGpHzZ/5v4QjLUBrjY7VrCenmfCkNyiLT58voeLV5g+NYa/LL1IOBpr7Y+bv7/wCEXl4RksVbk/z0wsqZLJuZrpzxfDugbwl0+Jq6ok+i+0YWV4+TQy+W4MPX2QIb033olMVDUtLmh04JGHCu5j5Sn8IaVLlkX85OqDOnPepwkv43QM3qJ6IKygCQKmrARlZoW7W7g4MKNMs3fVnHX7N8WmSVLnO+IMXpUoBxmfOYxUMKEEHbDZGzpLLChILdZi5OkpNWtRerh7IUSZSSwrXsK5/WdkX0skpWGY3nw59wvMskt3Odiz488YAAAAADUIXLWdJhUUBJbN6jHzGV7z/ehsjZpcssKEgt1mDMexyi7GpN58/tgq6h1bjKdMFpVllo1KVvN2x32UrmlA2NeaKrIUnQWx/CDlBlK1re0w+Rs8uWXF0kFs1a6Tsi/Osst3oBeJbQKaDGFjlA+c3bBV5aupFLuYc2aDkZCSiwoSpbEeswVdQ6HOp0xfkWaXLbDGrHTXSdkfMZXvP96L0qzy5baxU9O6Zj2SUzsak3nxPt3e+ylmUzE6PZFRIUnQWx/CL1ca1j5lK95/vR8yle8/3ouTLPLZMKLVsKCmuBKlSlloCWoK5zTXyRdmy1mLqNeqGSTJSUGIJoTjTlO2GR0V1cUINdddEfMZXvP96PmMr3n+9BmaTniuQC+aTjF2VLVBs0wMtZ0mECgJLdRjgqFFAABsFILvZJTMcSbzY88ETpKzQTXEnqMCVKlLLQMWoK5zTXyRdmy1mAZq6IrkQfOJwhhMQOrChU1A5uSCsqzy5dTU0qek7YZZktZikZm/CCJMhZVTU0Zus//g15iANpjwie+I8InviLzMoHnCPCJ74i6jqTn4wijOo5WEeEl++IqCrDWrVHtEXJjKrUBoWEUykv+YIzgjWDUH1xdZ1B84RdmFVNaYsI8InviPCJ74jVTOScBHzqXe8mh6aUjQRoINQYF9lWoqKsI8JL98RUMrDWrBuiBfZVvCoqwjlFYDOQAcBUiKqQRsNYLGlBnqYLKQQDQ0I/OjdDOQoOAqRHhJfviK1UjWpqPbAvsorrYR4RPfENcKtdFTRhuFHdQR9IbhRnQEGh4Yhr9Fu56mDcZTQVNGG54RPfEYTZXrmr2xQ4GLzEAbTSCUIIGejDcGWmpLrr7BjByM1ZlNXZni8xAG0wWQggZ6EQL7KK62ECaStw+NeEFkIIGehrAZyADmqaReXFc1Qd/kg6qbwNW9cS5jTJbhyQLtdFO2A4nSlroavZEtKg3boqPNjLvPZOGVoJdcwG3bGVE+YxoRQyqZxTXH8MXxPN7IibS79G9DSvFdcdlMfw9cN6OX8Cw7LOJZRpXCJ6V4IS/wCuoHXEyHuzZaUmPxq6+SMkzKxoDVYR8vIFQG8bsjIKeAuJ2t+cIu5Sk/yLuFdVYyB4j5hqbR2RZ/Q/aaEbLFXceThFM6sjVHqrFn9D9polehl/AIl2aUAWFEFNLH/NPVEyTjwheA2j8KxP5B8Qif6ROh92zefM6EgTBOCk5gRh7YEhqgTGuMp0HRErkiVOa0OpmAmglV0ka9kTCs53Lpdxl00g69m4LQo4SYPyaD1eyCxYZaVgg16j6uoR3Qc0vi+dEuT5ZvkU0DAdfsiWJtEvUrXQGGfnrDaMDAlFrooxrTUKxLdZhcOSMRTNTthC2deDEqRjwReIppP4Uh7PMF0mqGuhh14U9cTJ2FVHBrr/ADj6od3mEAcd85qYRrKJk3SrIhqKQTQCpUkDRhFo89PtRK9H1mJUp+KyHHVwjjBlTuDXvb10fkwJUnhKOAm3bCy04qilde35Cy+kmdCQvm9ZhfOjKy2upeK59OHbDGY9QV26xH8MS1nzJuSmILov1BGjqjKq99pmDYcXZ0Q3o5fwLGStM2ZQitL9RAeW+UMzO32fzs9cyJ3pG6Y/gXoiV6NPhEWgnid0N7L0XWrlcx11iUZfF7pF33os/oftNCd8mCQ4oAHwjulXvTOL5n+e31Wf0P2miUWrdElGamoIKwZ81krwnqXC8L17cYaaLkxb98hWwIOJHVFoFQaAYjTwhE/0idD7tm8+Z0JEv19MT6Z+6W+KJXJCTFeiuKriddImia9SxWmfbucIXlOBGsQ8qtbpzwLP+7wO06T+dkZEuEUMJV4nAaz0mEmqZVWXhBJgamOzZSBONavLqSdJ089YUWYkTcaG9d0Y48kCXbJ7oQbpMypuQkhMAvBqYE0lUW/fF9sKDMOqMtJdSeC9Q4bhac22CVzGYjL5pBp1RN84Qt50W8TS81M0MCCDeGBi0een2olej6zFn80/EYW0jPxH6ujmhrSc/EXZr6en5Gy+kmdCQvm9ZhfOjI5CTMW8W4d7ZqOyFlGyWdb2kX/vR/DCS/GEiWycoQdXVBkHNNzedo7PXDejl/AsTABVpZLr182Pqh5BODC8OUfh1RMid6RumP4F6IlejT4RHdKDg0Aeni6KxduS8p+9xvcuekd0uOCOJtP4RZ/Q/aaFkaWXg+dXDs9cXGwWZwD1c8Wf0P2mga3lSkHug9XPGVZyi3rootfzniW4mXw5IzUzU7YZ8eIEPKGHVT2wwlEUalarX854CMVofoDcs3nzOhIEpJcvDM5rXshbS1bqNUE+M0SuSJcnuaQ4QUBa9XPXQdsMhs0hMBit7yhrO7N5YtE792zNm01w56Qwv3Qq1OFYaaswvdz1WnXE2XhVKnaQR1U/uhfMmfAYSePG4Lco/DoMO5bhouS5a5v7a+7DsZly6QM1awJquXW9dPBpSMixUGhl1p6werkEMhlj6SPmhQEUHMqrmENZUI4l1SdY6K9cOpljU0uYDngcEVzKozAQqLmUAcsH0qdDQPSt0L8jdNCBoIjMIxAPKI4ie6IwVR/DGKqeUQDXEZoqFUHzYqwVjtEVioVQRmIWMVU8qxU4kxiqnlG5UGhjwMj+UvZFSaxiAaaxuVKqT5sVejHaKxwqGmaoigwGyMQDyiLtBTVT86o4ie6I4q+7uUNCNojiJ7oirEk7YxAPKI4ie6I4qj1buKqeVYNcb2eumMAByDc4IC11CMFUcgimcajFLqe7FAAOQRTONsUAAGwQAyq9M19Q1PbBCqqg5wqha+zc4So9M19A1PbBuqi1z3VC19m5TAjbFMw1D9lDTZglg4CumKf9XMyY11FzmBPaZ3o5jTE/jGDcDPeOrX7IC354rpMsU6YocDGTmGdeAFaIO2MDP9csdsX5bh12QDNFpM2ULo4Kla688PfYC5xmOYRx5+2ksdsFpL3gM4OBETJExp1+WxVqSxSo9cZ7R/LH3omZEzaot7hIBpA17Y7mDTr5e54MUrWmuFecZnCzXVr1xntH8sfei9KcNTPrEKZxmcIkC6tdW3bGe0fyx96GWUZt4CvCQDrgGe5FdCirRTKThtaXhzHdMtzPvLgaSx2xntH8sdsB0YOp0iGmTCQq6s8ZOSZxelaMgGbPp3DLnO98Zwi1py5oCJMcMf3i3R0wjz8oL7FRdWuanbGe0fyx96M9o/lj70FZzTK32XgLXN64WapbJlS2Ixwr2RntH8sfei6kwqdGUFKxQwqzWmVYV4Cg9cZSVeuVpwhTGCSQFAqSdEceftpKHbBaS94DOCKER3OWm3r93wY7Y7jvzb2VydcmKVrTyv2CzX0voHLMtaXs2EWGcZRMopfyZb6RXV9EaImzhfF9VVeFU8JdPqrCWjQzFfZTtiXN8tanHTmPODD8i9AiaVlZMrxDePCx254nDxboPrr2Vid50TacTL4/3Rk7VRTXhEg80ZRpyTEKkd7xB/OENMN5ctNrx81TyQss5jEy6Dw0u4vtB1bIX619qJHnHqjKTTNDlitVIoM2iLrnBXuPTSNMSgc95vsxKdpkq+Qb4acBQ1O3VSGaSZRqKG7NDdcOZ4ZpYfNpKaOaB3LOkpNB4pqCR28kLKZmLISM2Yf5ruTvPMTDJuKVaiXXreiaSM7i77DX7MS5Plm+fVgPtRJduEKLM5QdHVAEujtew1GL1oF5euBMsU+Tdpw1Fa8oGqJMtg3e6m9epUkLXXqiWFJ4aXseUjqhG4RqoPGp1QsylLzu1PZEv0D9LwJc29doTwTQ5oR5RbJvXBs4pEo534p2n/FImLKNa1ubQow5hE2UaaGHR180YcXKCvsMXLVQGuJNc2yMqZqTUKsO9mqnDXy0iQctw50286keDFc/T7IlTEJdsrlnSnExrT9gUThMqua69OqJKFJ/ekuDvg1k+TtiTIl5lWuJxzAdVfXC2YE1WhHB041+Iw8ryWvD1/4Hth+RegQFcqwNcVzYQO5wQpPCqcb2386eWJ3nRNy1zJs7LRjn/OECZZp2DYgTO38BC2fNlHybKdebmiV546YT19G4v1r7USPOPVA9I3QInAY99I54QjTMf7MSp0y0uhmAmglV0ka9kNk57zC2uXd64CTJiiZmDIan8YygdXStNo5YutUtLwrs0dfNuTvPMPcnlyla1SnsxhpJA7ylQRhwa9p6YYeIhuYY5s56TCPLreF7RgBnHSYlPXELdYnAC6Pu0h2SZdmgXmucIH8/kQpvjWroYlTmp3xa4ctOqLP6H7bRK8xeiJPK3VEv0D9Lwvmt8JiT5zdUPM0qWIx10A54eY+elFwzYg9UZSWWEm+RtuHDogi0XLrVUhmz0hZlmncF6lQ/sz/gISz5so4lsDrzc0GcqUmMKFoeYqUeZx2rn/YQozk0EXnkWhZTPS8yHgpm6IC9/WukuMOaArWWfdfgHgkcnPSC6WecykLQhDqEWiWBVw5Zez87IdJlnnKjCtShoCPyYmstmnMC2BCGHRTwkmMybdfQPZGSMg7A8vNHdNoDKRit7jE64leeOmFZ7NOVQDUlDq3Ffuadd7prW4fKiTkpTzKMa3Vrqi7KlWtMa8FDAnzxcKcVdN7qiVkpMxwGbirXQsBBJtF1cwyeaP1iVNCU8aXSDarMrGpv97zoYyWQOs3UhZZoXzsR0fnbuTWWzTipYkEIYKzJE41z3ZFK+wRNnXTlSmCAXsBjj6wIY2mVNlooriLtfbDmQs8zQOCtb1ebVWJyTpE1EpiWFMDwSPXWC8tGdM18LVWEAmVdQYVpRVhZacVRQRZ2lSJjjJZ1WvjNEtXUqwRag8kSjKkzJlC3FWuqJUtpbB8g/BIxzvF9LNaFPozC5dZq6L06oAESbPZpM10B0JXN+JaFNpWcJjY0DUpzQhskm0TEI4WF6jer1RKDLcnBbwVsNh9Zu1jJZA7L8vNHdNoDoQby14xbX1/+5X//xAAtEAEAAQMCBQUAAwEBAQEBAQABEQAhMUFREGFxgZEgobHB8DDR4fFAUGBwkP/aAAgBAQABPyH/APxINH2ouT6EgOVg/wDcIIEp0KmIGMJuzPcYEXyE1CQmsQ1ORD/1iE5WfFCdhPRGv7j18gKfkQCEsJOizh+ENzQkIejwkOojSQ8Dxw/EtejzbyRdyjtQs9L0EMq8/R+/ft3NgPIfhrOy8KFuRDsgdFpk5KyaaIMpfhj1P379+/XCXRIAyWpFXJJAIbzotjXpZZuRKrdpqLCQ7QR9n/rsmyr0bPTiwSpVzNGOBOL0ey9LLZk4AZOCH8nf0kBIWQnVBqOEphyhIsqwW63BqA61+Nu9X7G1O5Ln1gpFmlJNuyRHNm2ISn/1/uevT03KG9w2qbrepPhocBATQhqVel9DhuXpZbMnADJwQ/k78FpymFpBgpMLzUiA3uDsh57VDE9J4DDzJh5nAFE6tkhB591IPXlRLNEiWkKRZhtJhBfnhIqD5SdhwqLiFmFTqontVwvEldvY7DqoRYIDGSjfTN8A+uI3DlpAEhiFCHJExFpopeaaEulykJc3iM5amSo0kqwhHEhRfzogCqSSSjWjHvd8GKFoxZK9/wAJ30lSu204GaPzHA5fR7T0smCuOEGTgh/J34BaiYOkCWEwtdKYGPqhd0eO5UsB13giXNy9eGBsg8p58PD2tftbfTOQEFMSVDp/L0eSh32+hw9mAVr2ajUsiRdZaW+ebRMVGZBAsuo6ATy50PpCmQubfy0yuFlhyD/tTynquo5fHxA/nkbvm7snn5pyZ28/qr8f7axu8zNo5854yQ24GQesPaetkwWGThZ/F39JooXvf/F7BdqX0EVhPNVOa4e1r9rb6pxCoFjg6Cy+SGytdlnm88GpPtE56l11GHFkCflyxaqHS1Iijk4KaEHSR3rLdTBip5ZEZZNaks5P4dqc/wAzVjUbmpTDzAcuXBQVif3Pv0s09uEVQRD0GT5UbTCB3b3RwHlK9ReAHLDfCfccFDSgBSxGBei1fi78A8bRAqGL/sV/z/71FQJqI+sn21mr7FXeLq5pePta/K2+qcjMkQTEiORHI7NWMSCSZOOa9HTDvwAcyzOQ5BiHS8uFMQCMCdeBqSP5WOdp+TTji1AA0ShyeAj9dqlI/nwzXL5OnDA1adnRqaqew3OMFQVYuEZP0iUU8E8WlO9Yzq4aznGITNnQII/JJWjrYL8kx0VBqAzaTGLBLF2WV4NBSEubSZNDLCu9fi7/AMBX7avwdvAz6ZppgTJAlGQ1H+khBqReCQlmYHcYY1RgbcdQQh4lCx3x3qRGWoxDWJYYsKMyUillCXNfiHvxv3CI/b6e9Nd9Q7j2ox/DJUKjUajShFRxKx/hK3ahLHXasErIGHurpWMHzfrVwvcpVY70C4qV9mgBFRqNRqFTXObDHRzC53MKp6R5w/lz3G42ampqaS7MCu0EgoLAwdU31M4KOVfi78CquFQqFQqFB2KZ+PGppFDSelk0iIJVZjmQChBZKgxI6cuJJaAZoDBWBIh3pDblG+G9FXWQL8x+Ks0S/USgfUAWkrMMHBe2imTFG6Lqnv7Up/grgR5alDUlGQdq/HfVddCMvNQ2Ua4piUDolRNtxMxQRwA5KQ0qFCgzIyY+qd6ob0frPijynIo7tIx0ahwnNhZqM1IizUjmpaZP/EP96V9kD30W8n4h8lPMeHTlTIcljlT2sQgF2vSmjFJ0tLJLZxQPw+1aeG5dkRM9jrT+i+PTlllknyKjQQBeBi0V/wB3+tCBwTKgDTmolz+JUnvUWtNkPQpZkOpRQJQh0mTzd7+/rx1bQPJqKnMsEE0rmL/Se83IBkZFbo9AT696Sp4ANQHiAMbibCZPjzwwcl4QGpldEJ/XERmQB5ISlxcU6c8KbbSL4l4AREKOuQ+Ty4BWmZBagwgIMiMvdvSvVI7t5gV+i+6/Rfdfovuv0X3Td1KbN5qcRU3JSVj+GYYYYYYYYVk+4vumyU5hfEq0SrKcuz1RQzKfx95r/t6ngKpjGsZXs+6gEOqu81Mpst4xDacB4PQcdzGLSByogxryCYf8YbtZ5QZm9pYHg3cwLaKg6YKigguY0GsZ56UvHMstvG/Ood5ObP7pgydIXvFIYeaaCIev962mr5usR35lRuA04LzMQcecd50pECDCOlM2RImjTKFqTRw81/nQrnvSICBhHThFePaZVXHGlViTEN2Dy4HQ7Hcz9PPC+jb9N3zbs4Q3AQb6nsfLzUlkstlQfNcowgAY8rT39OQQgsgz5XntUmxluqPqsf5l6dK19g2OfKe53ksSYGg5JenURh2JQpvdrYshp1JTqPRm43wIYl5DLGkRJuX7v8+MACczCk+2P6JP3pJehzt7U3NzkLToYKBRtVyKRU86Em7D4R8UATBdlp2ZO1DhQZfLbfR5w62qfWAubaf08cHztl21DvnzwXib2hvyoqjg7USIHPMSGnfHVKS6WTdajM8HOryZefI+aMGTDz17PmKbstFISnFtf/GrBSvYD5Obm5ebUx/kZIiglElbr6UBIRkahEhi2CdaDt/OvTlli199wdHhGKHMQCgb07JJ3qFEKKIQWWkoY9aC7ljClb9PezgoYRB8RRj0yNV9tRs6M8SDxSbkiaiajtWSSjJzfLZ16jwMggEm+h/fn1q3iHB0HhamJUJZ3Ss07sQwMBuPcp0rcBNJ/WPOfHC/0siY1d2P+1sfCMVMNl2njvrU9IWPt2OdAHMYd/o0O+tKt8t23E6Nj17q7syHQsp/zry1VCZttHOBU2YFnytSsaPCB8Ca7wiyLHYLw0erE2KctNfj9HBjmDC0astLS2G+9GD0pB36k1wfM9qKGIFPL7qduDwnneDvD+tmp7zYTqOfz1O4X5sGyajyauomzsuqVl0dh+ZP2nC8m0tvNTtnzyq3VmrKmt26J5Uq5mjU3cG3dQIA1gsBXNAB5+jTztUMFTXWv2AuH/blHB0R7zoLkuZ6wC6xBi4xzUpVj6r2CiiUKbig+KnlXaae7RK+h3wLnV6Tcwx2DTKM/JPtWFMDJHkPuoUiTjfI6SDryemPJhKArsydpsFZMTenFFv6RECjVnaQt4ozcQzJAbw5iizBmbG7YxHsrH6HFIJkqcvumjMyCbrxThAlHLYh9Jo0twwYid1sNTvhKaNzxb+w0aN/KB8damwmsnc6NOzCSNKAjQNep+0qaLi4KCd8Hd/r9rU7bMuDqtR9OoaypctSS9n343pj4wEq7FZdqaQ6p8u2MhTipGzLZUT70Rmw5gNHlaeLITzarYPQYuYCtt35mnLJK6qifb1g4TwsWimRONtw8nFOADYRbWciU7en2D4U4o3i6I3hhzt71cMEMjKnyX1a2NNaaR60xRQuRo4EL4iKLbmtPFig1OXagfRQx9y27v7rL4WNdB2/YqL0E4G3JuT05x73NaiQs1YYHKiKLb9vf/KZRgI3A1GNR1m79eiKryDTs+J3odK9cwajR288qWmYLVrGV9uOxyKixSP252/ykoirdWo4ZJ1bXpeDm2CinapOZ0CAUFVluvEMaJ5xCeUhV9sTu5n2RxGGSmGjAlrRKD/gLlh4MTUl9AVSRHoikyGB0EHsUrCWNOjy50Zv2BgppyvLtC+PpRiyUG0EDkLuWaTgTsInYCJ2/wBq2xtWFumDvC8ryWQ6+VOwASQDKYsQyDQESiZGjyrSbPBg7oBUfEkXnXI/qpRnyMr6hwrk+Va9Hy2l4OMyQ7D9dOXSppgd1olG5d5GklISiiL1D69Gr9v7Wr+wZ7tgVdP8fAcjFRoGLyJzLF7GtP0fKatHB08pcpqAU6Nj0NEAInJl2immDtcXp6CyVy2VCI8slTb1LnHCxaAZKxOh1XIzXPYlJGCcmJ7+ghFHGxDdbq+1QwIk5P0Pmmu2SBCSTSSdyMUZEmuANAMAbGPX1m2mlpFkSEpFJAzqhjLCNvNFi7fP40oLpWW/o/GrKPUzaN6R4KWuO3nVk4bS22qEHrPAPkx08vy68lJiBNolc69ePJ5pWhYWq07fM0NwmmTQ/eO/DMl23vO2PO9RxlGYusUlMyr3dzL7aUcGlQroBOoD0HoRRDI6fpPKpFAkOyflPQaSDZJZkB1VJ9S51IEuIRhoDiiF+dKHyUHC7t35XT+/TfdsNNtyzNFN6zcWyn2G3z8yG9IcqaodScOUet/tJeLLW8Q6eHFWAAiBHoCC6xO95pjoJU+idOWDJDeg+yqX5py5eEgUJf6c3zUh7JUPV2PNN55FszuN/iiD+Bo10IHvd2e5wmSJRttHeiSmkZVqGNZ5Gh996t6fBx4z2pKUyuWo157Yo+wdyijhjQqAoNSJ96GODhG0W48eiEZkg5Wl8VfQVGlr0RbdFnbZc+adISKzJE+38g4m5GAMtPwwiZ5R05ZLtDCsm+v1vp2+KjrEEgTh8jOpYED+HIxEA73A7Td3BUc+s0AVWA1qV5fuI86mUpsR+vL8W6fHic6hfwi1ICVKNGt0hazv7Eq+tLKHXW6V32OCLyEDef6PLgKEO2ulsexaHFWo2GxcCIDwejAGHuikMBZn8aqvGD0YhP2UCgQlk9EONyAsmB5Xn+Rdb59uRtudoo/irz2zLdtmTQzTRkRA9Bs00XIZdwMlKt3+GJL9ZIezwLE9JXbqVwRKvAbv453ehzuagKCL/svm6f8AauSltLf0Pz2ompPXhQqGSqazyX4CuYqMoh77L/pwk6MwaQD8uDdAFWNxXx6Dp8qO2BUnkPQ9yPOh0aIckt1u0SkEFvB9KeHCCPwQnoWRSsbMF4T+Z8GHz/jefbbb2XfiGhRkSj13E45l3iVYn3oK/TCEJAbgDldlJir/AFGf3WlBgCLuMHipXTLDb+7zohwNQbiz5f8AKstJgUwVTLaq563HA3PD7SoQjARXQ4OBUM+aTSmZKkVar343FKgdKVNcA9A9BTMAi4H8KWKlKHSAX58HoF9CBolUsOo+oeJFFnOALHngU11/WLl4ZpYLQCEfQAtSkImGlFobQ0JoNnz61pfdeKDiZqkRAFm8smfZB6lCPFsc6g4VjO82ryzX45Af3Rg+hjIDuxD7nDU4hu5+4/hPlq+f88IdsvB/vBS+6rl4vZwY8MaRMIUvJE9qiaIuPGF8ei9+geWHy88VChkowZDLnn6JoixI2yPmlSVcsmAT6RPGxLCLLoTcdKgcCFdiXdZvt6d1Cc3buwF+K0IDyIftgu0K42ya2n0C8SBwynuKY8Nf6D3px0iD4VqBf3BTBxElPmLlcIdx0q/gSdRfTnTvkoUlG5LvD/Cm5Ke3CLfUDis/WvydvBjwVqBFsgLBA8n+UL7hhxKX39fxFAiie+PTfT08l70IHxwKNZEsS5aOwoW0SkosQac5dqHEy/uXI+99BmweKYBA3nMhm9TQD8UPLkyPMaBMkH4J+qMnWPK/fqUQSj8OtGVpT5fwusR/O/D8DY4CW0VfnMHoSp5RC1sKHdDt/KaS4A8PSoqw6hQRU0sG/AUfeX06j6ThCeI9gkT3g70K0oLATKuk+6l9W0l4U/OBPoLsFYiARWJmI3vL0hhyilJD4nNSq/og+qEfSHEqnS5+KIPIz6xxwSbNfJ/Thm/OOFlIh+6uSA1AGoe9YU4pUbYZLdy0PQP5T9DZ6ZubOEUA/u1/1NXh8mF9Im7tUDMv00oNDofd30Epx3IgPngCqL+sZRrBLr6krcINgyurh2Nsek0ByGbEJmpOXKa5yzKeoOasNrvZxLbTTzUqzMqdRdXcpaRp0Udz+qnoycsn2L1a+sxU9isFUP8AZNAtaJfv9pQ7RKjY0PHrccAjnD7j64ERqHmfXCLcEHnwj1kgvW9Y1jTiO8rJE9s1BSM8OMD2P5X6Gz0nwVya/wCsr/rKSpVXn6ojA1IWs9IinDgcEXDVwX+CCVwSMmXSeqMUCGpBH2UUVAiNiN7r4rOLNWHpk+9ztXuJn96bc/6ZOHYxAOk32P7qy8cjoFBHrw4EEw50D7cLeDF1c/k++GPbzAH3GsaVqv6ForrR59K2L07AD5pH6Pev2H3X7D7oX6PenYbAIYEdRPQ/Q2fzWPaAjzw6MIJ5+s56BlgS1Z24jBtGGIYY01KXcMBqtZ2zqn/dBHBBXIrlVBt/DhwKjM6+H1w/U38BHB4z8mF8PAdWnJhxFMdwdvTawReiKtuo1HhxcXY0fefQ/Q2fyyplJ7bH8tSLX3C0euK+8rb5gkizGLUMOMNjNCamGmbpIc13o4Hp/PjWFIjvSLypPCDdXlX0FHn+BMH3WNKpcCQMXCY9vQkYs10RNToZFYKSeB6IWpCSUrlZHmk+BwbPF+hs/kR5rJHSfB/lQgBy5rvL9uh/EaY4gISiWYEf+AEBoZfN9cYLzPI9CxCrIp4n9cAmoqsSMPZmtQqnHt7A9HvvpHHkkeAasxRGYCKMccageQbegPimx5+Gynh6KnFBcDFCEdf8/gFt99999hwm7TEe1+2CrGWyaPm+1DGjwK84gPSj4WBT6IgdvU2TJkyYnVIQLS3jnm88bx5bvEyaO1bf4mTVVsmColEcJiaSXST1/nI6dK2Sumhg9AIDbNftfuu6EA7vBKb3hCJocCSuiuiuj1A1JweiuTXJo5a5PrAKFCgPVPIuBkaTMQbOz0NOHl0HcdawBKCjeBvnLT9c6RaZTly/8MVGo1Go1Co+hFQVBUH8EVBUFQbVBtUFRUVFRUVH8STWHlHYbPKusNGvKoaE511kKnEFrCf2tBH/AN1bSgtP/wAdafUxM0QGthcp0dMK7egJV4bl2rmWRgp8pLozS4S1MmnQYSq7UbcJEcJSAEGEdGgrFhRGpu0MoVnbgxp/KWChQRR56SJR4RAO9Sd1CMrYY2d6JLOAlaUjuoChLBhGjTocyr4cm2SNOB3KAok5GANeDBwltic4hExuI70hIrqsDhgBpuIKECuQlnei9imx4Sq7cJzf07FCJ5xT0cWGPIcpjeKnQXjZZ+YwWm1A/M4Bxy3xgtpzutDMIy3By3rlPUhq/wDqJdKZDeQhKNniRHDXXVmxURt6cmrCUmBLQyJllnVtwtP6YmYogtMC5f1ez9CSIbWTk7DVz31OYUIiAsYAoJyS9fp7V9upS4gWiDRH5vUQZtDKi9eaHvUR5AXpYLoCmCIRhjQ0b+ZBWfYq2ti1pNuVDmXz692A6jQ1p0lgtwLFyhHXkRceAGlONWB1amUCyQUsiEw92zVxzQAZDbQkY5RxPnYTUqyWqDJer0F6y7CrVEc3opYkHo2weWjEG0ADd5EnZW1Td6KOMBQQYJbvIp9wqBw62Wckre9W2zBMDk+HoOF5/mdRsdJcL6Fg6PirLbIpQRLdh73ZauwEhY6rpMF1tsVKJLPeAxr70TgAIgm0A0nbccEFfkbOMBfYZIXbzULuUT8M0ddoNALMZeTUvw0D4VWvrBW5Z26NRyRXupDoM7QB3LgPXUKjSl2w62fmomK5uW0m14OTmEVjINr86cdl69FPcfFXt3xRPx8arXLaMJywI1WbGkxVnEWxXQZPktRstwFk/YT5NRDEwSXAQh50myQRQXWwdwer2foSRDa6JKLYAx7u1Qv2Dsg7Pu5V+ntX26tBGVdMAb3XSl0pg56B0s0XBWhi6Q8n4uAsLo2Jl9zmlUTdImwE/wCKSKZ+/RikFwI6zenkpY5tG05JkkvCl3aBmnRkOk2zFPnwhZNE37xUsYKSbAR7j1s2mOJ85SAGzjcKuZjriEPYozRCw3TPMfAqYvRBGgW7XmnelIIz8GA7cNrUl5Nhm+DxXIdOvBtf8zohA2MswZXdjerCqahK753PeMlJjiG6TcT5DzTpkPnZz48lTNcrX8jZ64AmXh5PM2QEMxkY1pQXMTmq+PWoEesnrF9FKwZN5Xe5V+hNMCtMbN+GIMlboMC5MJqPOr2N7EZ517d8UmGVpoie4URBGiag6eCSB1ZZwUoCxjMwNL0M1g14IYRyud6FmVSFoe/vTEMAKwIS3Bh5+mxKUbgQObYc2rJgqDCCYfdtzobeYKSnPw8FauhclA7KO1MnEgedVoJx+7sfaHWv09q+3UGZQLGAl7LSxqeLGPIos4SjeJgvJ4BTkrCADS5DmCWBgp+LvqMF3r6na5PTTkSUTtWJjFz1Y7UlAl2B3JQw37Vk/DoGIGsEPlq6IcI1DHtD34nzgOYARAiBuFKu0PjBiydIKA0KWQLuZebSzOZDyxgd0o14tyt1MdBVVVkoQy5d6J0SCRpaBa/l7G+CAi7g9jd3h+3voF0CMsJ0picSRiBPCZ7Vi2m1XBz1B7alQeqFrsYht/Risyi3QZ9/BLWuemCJhmK/5Ks5iEalJYT39ImXh5CQiMKAbNP+PpKTJON9mNC7xq9JwgIKsPOVvfS1J3FIUAR3EQBzY4AxWSPzVs68le4r274oYgMYoW60CJ0IkdpXarSbTRiUwdwv7UiQGOUCwNlRHJWhqPDIZXnWANyu6KYeTV2ZWgMJudV9UjaLCjwxPOJaDMy4o9JYHmEm9KSQyVCBEtfDWUOJlJGLmoVFgICEuSh/uDYqetAG5UbmyiqSkUVvePBGEzMHqsRmkKaKEAAHgKJs97JJYsarwnDXi7mJHUMhTPExyUyto1awUSYObxDkHtTEYoFzyWVcD4RAHVE7XmKjcrMiPZZdykgItU5ZlEdaEu0pNiFwyKvyahqAMJgKYOQkWPLKbl1YQJmCZ4btT2cCVyYuag9qQWjDEBnRHIPahtfTGGp1HCcXONRTpNh5kJxX2B4SZbRpVVcvAUNCJg9yHs2qD7syY9ll3GgsybjeXjevQcILAWyIljeav+ZFSAW52UzStcHW4amYgNlKMm6iUrY4GzUHIcZ053JOtlmckbcqvgtYEukx4itVxpO7dVX3gvGWptD4ZCZixu1dsqQoABlXBSZTljLeCNEOnEsN9jdq/wCYFSAW52ULxqT8ER7TFRm/SQLpMeZpyv8ARAETIxCoKSI2YEMm6mGXTNuOodKKJBJJiYyGr/8AhoXGhIF+/Svxv3X437oEgQiwMkmu1fjfurWGYDMBLrsVNFxMA+6FYPF/dJYSLBGdsGpWGGAmEk12Soom5j8tCLi2DdELPanIrkf76bDSYC5nWvxv3Q7H7etIzgYAcxWwc68Abn8JmKEQyjBdAlntT5xECSU1dxodj9fWoE7bMHZUk8qd0wAklN9xpEidAXGySNuSU1n1BSkTl5lXj9Ej8G1MfA5QAXjXrRo8IqFmMPN44pctQUpE5eZQ7B+vnUBBOwVugs5rk4UCfLX437rcGGIJCc7pwyQOH++m2dpzNKLMDZTvUy9BikXjV3pIZGBBIb7pX7MV+N+6eQsbD/VBQEGEclX49Ejd3aU7oJELMYeTwdHPVXE6kHeIqWh5zR6yiHOIp0A2UD5pZOglQsxh5NICFSQLd2j+HgsNdZ5PhpeDAgAuMdHw0snUQySJz1KBsIoAkkSW6nrYZ2pFgaDvUrI+2NyZDbXWLY5TRbNdpiRiGvSrpEc2YmYUj5RgBlynvWPo+6Gu3xbeYmfegbEq7CsPXPc4JnSyYAUZvNv+U8VAByfEXtXvz4Kc7hjNPItqUiFwRcnUKawkY3Ag/OgriI9wm/Sfdu0XO9ice4Zm2InWL1JdZegXHX5cjhkZ7YCIMoXnHOnxGB7mGPCD24pcYPEJZNm/OaDD9GDP+p9vUtjWFTLdiOv+K0MiBop2RfEmrXu/zUCaJgRmRpbGagTMmfBhkSLXWdH3HSgdjnZn5spm0DSJlR5tPjPYHNR836oCD1fFVngA8bOugOypgIq8JCWaQ+zRLL9KyYiSHqUcWZC6oY9mOgUgZKUXaPsfeojhEEqJA5mkFwWoWWweJ6rKcAUoTSeVhbphrL0p4MpCYSTVyUpRqQETJCNBY7V+LtwlJPAzCZ2ex20k1qD4plWc5nkDGk70qgkeYLr3RZZb6RtV+OEh3dzLyxp/Edb9l+GroAC64E46KsVYCVeTU5Vj6PugqEWtURZ0MHFqi7NYsgjnrMp/3gmAMmln+GLe1R9BbsEaOjdnsiGnvz4K/A3Vm/FnCRYUzHa59VDb0h/OaiiG2yMeDUitV0iWRBtrZpoBpYCXnyJ5RqeBIwBa+JpeBozI5LpTCKCRHZSpwYJzBNLtMF0aGoPTGsfo5qm1aLrOo2sTjzRGHA0JaDcanaSF2CeTmcMpCHdlk8Vg7UIRJo0fMCzb8nY2U9m/g2JNp8lJurItCguYJA6UiRKYvCj8KQZ1AMCWRIyp32D8uuRntVgWdDM3VOa/ipq8iQLsrbQoWKpxkSVJMF71KSk4Zk/Y00fP8MfdN42wgUE5tqeaHelQhK/F246pNs0JzrM/COzeiuxL2xPwDo8n8Z1v2X4aimCrcFA4NlDSJEsi2korH0fdHAfFxd5WMtJWMEG+GzVb+XTgmVQ6JjHwp3wg6Bf5dUp78+CvwN1ZvxZwkX5oSMiB0Nr79SdAFou+45xzzenWE0l0pPdO4HSsrUT2QL/psqhE1TaHVfEQl2ngkOHzgL5O0KK0kMgQF1Nla0KUw7Ev/DS3EisQAse7QCtEAuJjPVSW84wGnTjYnSWpEO0y7lQltpRcDe8Ly5pPu/zUtWsFK0JlaVBoUL/DqmF4+yfBV5Qi5kQUE2YO9SfdFcbhHvUT5FNkKE5apQqssCPoAvLg0wl2FjTA94dWg3e0k2I6NGpw+ICaU8zEe5WqiBcIpq7PipuYhcREe9fIpFVwZls2TeyOuzUPcYM8rK9VVscigQBC0Fpm+oOcTpki8IEJyCIktFZb4m6crYyqu9OnJV5C7fdl7/xkdygFZQCC5z0PFQaBaLEfs1ZIA5Dw+FStuAaR+wLWWyCU4jEdKBgxkQSVCwQEisBBUvMme9EbskARoNK24LSJlEq6tC4ziRWlXNTJBqMNf2F7zdUyS3WoRt6CBgroByLUGJl1RekgN0SzOvNagABwAhYLdg8UWIDJAgqyQBsDUxEN+CLxp2eOH0GD6A4KExKgDE/8K2goswqJUsUgRDYgeH0IhIzBNZ+uISWtwWlGu5ZTfvQAjowVolkbI4aV1iQwEm1TZZhJEb1MtwrKEk7x3as4W0KsEA2grKQJeBJRcQmUAn9LSgAsAnQBojAGGdQCeCI21FgNiDFEAA4DOoBPCb2IRQSSf9am0gDMEE/g/wDKja1S3ETg5nmsmnHxP/1z+ZzvoG67fQtRwgEcgmA8EmBM61JqAEIvJEaaqIklEIOu2ggELI6Upk4li4OY70xZfIFQeFFlZ2RvUdgQEylhBbrnltULLTMwMTSaEiZKO0l8hSxkWHVJ/SlXGEqSIYY24XjhdYEJtFsotabXqBp7UMANI2ETMjemO1eQFxJJOqPzjnR9aAPA3DgvaKO8RIZFvRuZZNjeJCOqcpq9hWwQdZXwNaCIiCIyI8JfKuwk2asdpucFcZ+54nUveT+tEoP7iwlShASS33wNXGCABBN08Avbho8Q7e0kT0nnFbAlFHaRe8FKWAU0JlMpGPvxvXog0GGVstxvV0vaJFBtOb9eF6dEWEtdlPKUFARLI6VYBLIUlLyL2+KEu0rVQibC7nmrEvU1hu/uVJoSRkg7SXyFLGR2BKf0tJoNKjEzFShm91Byf+DlvOBvefNJmzGN7CbIi1oIq+gl0BJTcW/FKhI+akFPf4Nb+jJJch2lHSOGKXTL2hmrRe1OSWyGlqPdX32kIVwFzwP2xReQK6EtEzDnMG6zBG4rXj2vbDKidn3Af+vTApJMchfqpOtmMkbSFPbq/i7VggiQQF0i+dygUxeVdiE+3ZoDIBvil744OCLI0UQI3IQmcC2o4FMygEQPGnTUxK0jCLWllu1ePMIEkwX3cH4+9dblA+0ul55c6YVRLxa1j59lKMoqEaXHl8Kivg2hhfkujUB0JrWfip0WHN+Rdz9fC0BlUCTKSbIzrOkUjSpEESSRqbnWkECUKY3kFHAszbkTup1pb4mJlHA9eW3QWE5R2pFUgEFITcicmhrtLB9Yn2WD83ZoIbhbaX8ke9BDBaU7Mg6waLCun+H7qKT3Hk2RIw5zBuuCFKCzHDRiTtWzcYyhkzjLS0sJSgbhKBvJvA7f+BcNGRZRutqFlLDeM3qdXUBGSCxGxpVe/NjFZILOPhKl5vEBdBC9DgMSU0BNcoS4XLeSoV1jKIv2Tblup77SlU0BLEd5tOFW3e4RBixyyOQ51dHCwImCm6fk1a/X2V7H56ydK9ur+LtwuRK5II1woMSWUBrBOQMyPso1QcQYDrOgzm1ukh1Rh0mIKnhd4tmiHbRTnQqVL7tI84gdIcPx96xrOxWM5Ot4x2pMdIQwCIMsL3lNqW7AL8IsDq+Sr3sCMEsB3p1sOIRpdJZ3WpL4LC4CUkiVujrSWQ5dEm2ET+uVBsGy3Cb3U9+FP4WyvyNuM8MRHN212rongcyHHS7s1JhMpdK8/NaOXKCahd5NCPrChKE87WvVsGYSgthyyOQ560/Z0zxMFN0z7atC6N1URFtpM6t9FK1l0kla9Bb9e0f+An5N1GkoGxqCArGhPFZ8GJI5qmYi2ZfUxgKelN7WWD2qjLv9VFnuJtqlLIx9AVJttDqlMmIohPFW9nCgSsOr+DXXo1Mtt+jJm12pmtikaPdBmdY6x+vspTgIIL+VZOlGcEGGjVMUHZoqFtlGighBZc4OVIFRL6WFNBm+bERKLZJs8OhUWuQzYTO261rScsDzFBi78Zcti4Th6azEdMDfyUm7tlxB4oFE5vV2LHUIL72SQ8ETLBCTnFEm773dN4Jve9N9UXdJCBiS9JnJU3OuROQgQ3vPQah64xcpJANztTSnNHSJTIPiigCRKDfbpk61gmRLvpXXytjYpSlvr3eUssc6KB4yRPKoCgQIS2i5AlSFttR5OSSTFaiQiJJqEOlKyyQ6QJ+DxV4bjJqQyTlUTaij8YCKUhFM2nolXpQTkG0g0l3p7w08nfnU/DUrCjJaVy36MmbXaH6QxyC+8Dk5iN4/+lrOv/8AF//aAAwDAQACAAMAAAAQ888888888888888888888888888888888888888888888888888888888888888888888888888888888888888888888888888888888888888888888888888888888888z8+88888888888888+z8888888888888S800/wDCofpnsoYE8slIPPPPPPPPPPPPd2GwGv8AwoLxX1GsPyH+gr8w2H3zzzzzy12hAERzygOlcUcI/gv3znCtm6bzzzzzfsu8BdfPvAy0B5DPPK/XS+dDXL9/zzyisxw5yWSZgJ11m1L/AN8f+chwBGBTGPiTLT3/AI9JVtq64AQKPAQQQQQtxCAQxsDzI+4qMuLZ+rfYwQQZtAQQDgQcYSQQCofPAPLDrjY4caIXARwTKAQeRAASPgAQCQvPpfPHvfr7ZJ9wwawVagQQYIAW2wQRBxYfvPPLIx9anvFoB+QQKQQQQQdCQQQQfbt1MPPPNiNh4OOgQaygVgQRDAwRogQQYBvAbfPPOv8APsLkAEEGMHYEGSaoEW9oFeJ7zoHzzyJ7f2XYIEEEEFAEGfAAFImgFenjPBvzzxJZ6D3eIE0E8EAEFOMEFFAEEWf2N77zzzx/enLUED388MAEEEEERKMEEEHzzzzzzwbxmC5vCO3zVIM3POd5t/8A98mef8888888/fvMsMM888MMMMMM8888sMdc8888881528x12/zw+ww062w08xx8/wANNNO/fPFf7Fc+yaiuQa3+H6IulqBbxWFNvkwuvPLG90q4ewb2gGNllqhkZq1ffmNLKBOd/PP/AP3vnnbzXrrnXbXvH/7n3rz/AH88+1088tgoc+AAjwI3KYm9rcE1UHu7hEYJ638888KqTEVKNQQ+HWtVusb284UOWQ0rfu8888884/64d473y73/AP8ATf8A24xx00yz98888888YoV3r+LIoYmodGCi2Mkuzv8AoNfPPPPPPL/Rv/3raSjXLvi3H/7LHvH3vPPPPPPPPPPPPPPPPPPPPPPPPPPPPPPPPPPPPP/EACsRAQABAwIFBAMBAQADAAAAAAERACExQVFhcYGRoRCxwfAg0eHxMEBQcP/aAAgBAwEBPxD/AOCCMty/f/P/AAVAlpntQmnFO+n/AGUe0DmGOsr09LoHpeWZR1M/rn6XkyujpS2EW5NILAM9a/2qXwXCa0/2qQnzUjFqdyD3pm+av9qv9qmCMIvszJ1tSQd37n/Rw40c9qhvSdQGHZlQCrWP26/ugCq2++RZxJuvji00MypcskvPpn9tKM8ylHK+fTxaOA5JrSE3mJjhmtplh5Regi+Q/VEo0abIiKWjhwpz5Mlb47UBmwDjIPigdwF7E0GRt5iXojEVMcAeBO7v9moliY2etAJPzATOTn9tWhkaS0RdTPe9TrtMfc80pW8g52HvPIoG5UDmsVhpIOQR6Bl8/igS7KAl4e/oUF2ocsjTsHYrofm39rNXlNeQ9j0usJPJdH4acjKMtEkdY+vosoZX+PFKc2js1q3pcz73/KSoUqHfU34nH3qyRA+xWVIsktrWme9Hkg2JlxFuCLHehNkXsk5WzFgyXm8VCpKnhm6cd6LoslHFA3oobauxrQ4MMeK8w96kqSkT5V5zUZ83sehhyrJWpd4+TpRQBftTJx40C4xuJR0Mc22fz3pST+EK54zETrhoJAd3wUUsFEzQJrQjJQe56RL0nOPhSrqYTfnHxUNSnNq0sEzdyMHHtW7o3JF4sMeKEz7mkSykxM91ozMBnMVK3Aysau/Cn/e/dfWf3SpHvfulle9+1RGkpsvytGJztP8AKLmJwv8AFX5j4S8OeGh6RovC9iotw0dWEpOOW5BMcICnJBxt8NN6TcX+D3qaM/HOsdg+9s0ddzzx60rkKepWGNO250p37GOmniPS8UARYL/LQafpyMd80EMStCvRV56HTHelln0UM1xsDvr5rHyez+QJ4SixJZ5/2rJoKGki1GhxJDy29A+Wxz0oZ8UGdbm+aAwUtpSGWkicRz940JKkNmB+Hh7UhKEslHLfG/3DQiHJ+/fFBR6JVxbvYbddeHOpEGKggX4bcXj7c8QgyvB9PwnHleH61j5PZ9ZNhwFqfIcRPVNFSez/AGufDyRUOdoO8E+Z9DlLFQOUMYaWZ15FCo0t2fRYpQ+GPPL94+khSkYHnh+mlS18UBvZh3NuZ5KWK1x94VBLng+X7enCpXLQQHEfL477U2KhHR5f5Hpqekg6PJ/JpyOT2fU5W7SEpGhI0fRNt+xV8lcuhw50ssvo5CniQMDLYYvQSuXOnLhRiShNy0cN378V1euLq+sKhi7NubR64elOioS40wiG5+8cxTNXfHDpV8Gu8djr7DRBBUFNgFty09HPoEemwI35a1MeT2fUkTPAP3TNUt4I96WWfQTGXQD790ZmLHqJYqSGbTEc6JWVUemI7tK3E+vJ+8thi0+A2Pv9/DEIIpSGt+Rn9U1nzd5GDv7VNDagjr3vjxHpwcHvp5pZZ9NHufs9vQYZrjcneGfP5CRxWogIQ5nT7yx+LStQ9n5rV2IGW9MXYWNBw4/c1N2V1jbn92rAfgJKHe0d0/FQnYDwPzWahI0B2PSNOV4Pp6KFqhSjSkeIpUNH0zWj2R/vqBIVkF6jkyU+sMsgmJzQCJZdDdXfx7VBeVPS8WoIppa1z0pDmEvi/wCNx9HhvmpDx9gKEpStSgqIdHl/kejskNcR3pFOXoppmHt/vqEzdp4JJQkQN/Uc0vV+A2Ly+m8xd2KKq5M6ttajXCe7PopmDUUfnD97/jcUFfj4qZfQYrFRDUVNhVty0/LN6igGXKFJ16SPtR4Fg9MFAOjXlSlcsdX0EGVYOtIWYY2SfvHpR0LAXNvusUJJPJKgDDi00fZgd1+/Z/BWrE73719Ru1k1xCD4K4ED3weaWWfQ+ZDxrhHeonEemb89TT3wCH1YGFLGnG+1QbuPIzRMbzJq7EeS1NlPNaJlAbfhBJoIRpSn0lrNUs4R2YqFOV4Pp6BNCmaHm9cChKGCe1/TJ+QKwUgIPwPvCbUMMsI0lzH/AAnilTSo0rq4daWGHZoSCi44s1InARPyVD6fugBfp1oIj0FsSRQz9PenS+3WpPt81H6fuo/T91H6fuol12oSy+xX+EV/jFHSs8ikLMuW7lAFoBZU6ZwRmggCz+cVCoVCo9I/KKj/AImLY1LNXDbjd/NCUTtN6vsEnGh4RG82pIFN+JTEE8mk7J7lJQGeZXC9yptAb1Fcm4kVpGOZWAnk1IIHaashHNoqXJwrARzawk8moWTZJPamII5tGyQUjk9yh8HuUOaC7ATsEX777UVADixSAxDrNqHAA8aEsp2m9GDi6KTQMkFFS5OHr9Lh6SNnAdERnsR2rwqwQ2BdyB3IpblQDoJ7r4oDS8OS4vtMVrXgRE6z/Kh4oVGwxC8ImHTrV6srm4keRyx6eEMslyUJSMWAOlh8T1ooY95Paly12eODqfusKyXspn3RaLI6VIVN3iFlzN6bWUhPJIr63BSzYsRpn+6npkBGm1BkDlsjyUt1JQ5WW55ai5YRGlpd7W3rV6McnTp81NTqvaVRmy5cTlV2qU1Ingv4sVnOL9rPx6goDHDGE070QkSAnUZXFEZAlL2RASek/wC0OxNy+8jxUIMBGWLZPmoWZhb6wz5aHZMSSarmNqh4Shu1F9y1QSBbXyTJ1Gc6cqhNAAIykSxYpMEg8tEHxQoaxCdsMQA3f7NRCL4Bs7S96jLKUX3ZPM09C6bzdIl6WChrGpLGY/VPYAgY5Q0Hla94HmZ5xSnBiyrF1moBAEDqE22GhYrN7a88qIQlOtru9RS5Ik/VRiQXuDKXzZFvSLmJVvYA1by3oqiABOoBJ90qyxZDe/K51DK57xbSfmM0wxDCzeVlB4OVP9DmW8JDbhn1eCDK4r/eKZjujW9caETJmpXDYSe1KFMcSjAsDJDyaaBJxKPRFzcscaTvNhvS8xLJJmjE1sMkTzoUccXm18d6hocc271ERuF6hY3G1S+mwk9qYgJkkqH8YkZvTUiMgzSwhc3LHGmhgyjYi9CsHbVC8blteoiNwvU3AESZ251IQ4Zv2oaxyJLV5qyR3oMBNTHq5aQTGbM8dqfqxm8k2J2jxT0IAGrA2OuKAIpYKs7rhQyLLpZlLt0ZNKnDkgZiGW/HlTE7KOUD3GnRZCZiMTa3zSkLBkkWB2LTqnSlCSJzqRfkzTrC3Yhlh6bUyhYR0B+8Ki1iUdgPmpEr3HJQfJ5rBzV5Hup20nXmiEqKFyVhM+JxV5skwzwJvG1NVgp1bDzJx5VM2UXkuHSTqtTiiLEXJBLcx8UZSW2lYNSNfimv1G+mhOIv4q6eLicUSeIqdmQlxExEW96dKkJ330C8wXvXBl/DH9KJuAg/BOiU2vNyNooB08XRLRoU+E4JKoIRycah/MZm6AkthigswBiJszI4qPCRM6lzHD3ofAxmZixG1DHhEOkhD0aMdDgFbGlwgoADj3klI4i1ATEgZtAjprJ2oErACZwWtveoRgUhmYYb23KgQg2EfFIUBUb4tTYR0iW2YJiBoS0ykIYdLFT9RkZW0Fr0QIk5nXkNABhBLzbMW1qKcikJm4jg2aJZaS8FoRtr+qifTwmYJgxxpTCBEZsS+kWblbFdMX76J61DfoXkxhkvNYV4tOt1lurWmuG89iM8fzNKBKbH1xnhRzhjJZZN7DUZdhZZ7DUQ7shO0hSC7GReNzjp9RQ1Ysk9wK+r9FJBWKhbIidOJSmCMkfAqfRdEkt9oCfFSgkAtk9KbCBmyx1BKDvI3Gk2H6OVCs7JnNqTxww2T3CpTE4wx3iPMU3jjNl7EUJbCJtqxpUCkElrjG3CnQoZ37MNLpgUiHJm8R5oWZOl18DWfyQguInBbJmtoJNkzMZDb/hNqkF7oxlnpTQiB1QEItmXapGbpXQD2io0FpS98nOrTuMyCsEko6xWHJuJaSZmSSH8mo7BlddeNQThVlb83Kk3ypnTE9KENyflKfdqOtE8jx0q1CYkQxe1zJwzntSKECSFlGWb+3Csbcu3snJDUwRSel080ZcHbCw3vwXtSaMtxeMAxJeHtTUBRdViXTSokV2y7TRDSJPWoQsKzuDwKS7BJNYt7ylWj1MIRYL5cR0o4SuC2BMhbNkX03sQgLwMwExfjP8AwCiGaIUjBuRmW13Ws/ZM9kPsqwjNyWycmTJUWdDSIRkctLL8eHWMsDrGa6RGJm87lS1q9JmY4m1OPwnJFCDBBYZjBE461ifQxwUaFcgjqGSY0msF/lu0HNkc0WxnmIze95tJBwijxTzBZ0brNy1IJM2Yj+xPGOlTlKRacCbm+axw1IzBGJ+ae2eoXWc2zRfwr7MxE6sXmoGwzez3QfylLhAWImCJsyWzmazZAuOVtj/0v//EACsRAQACAQIFBAMBAQEAAwAAAAEAESExQRBRYXGRgaGxwSDR8OEw8UBQcP/aAAgBAgEBPxD/APBECzDZ4r9nAF0/7grRKt3Qd+jtv/2IXKXseH0oPXg5LAfKcKm9+AMQBVwlADDCHtOSdPD6pwPWdPAqrM1CAjtbGhrOnnTwUwkxyaPpEqaV9n/oIpLQ+7QJzKRWdWR6fY+KYPOgixjOUBLQUeCuHtT5ntofLw/k6ztg1XOZ8nJfODuJVd7mCfCayyD7RSpgOSErVqDGsR9kF5PuOJqoeYnDKVhq53rrE2mk6tcpfUJrzPSIqf8Ahtm0NmwHjH1A3jL98EOkRGd2+DKeh8xqfKII58ELH8uJloNYPdXtCR0NXnNCe3fE1uzhQuBRyB9xzShOwy1uXDJKePR9+9wmNNzmTbUWdn8qZTMEbfLyNnmfcRYjFA/YEo+qWCs3fqWlMO8mY4rQPRJQ0QzuRQc2PrRGe8SmUwNY/G+Jm+zgaahkYyvKvXkwKINRJa5XR/UXBW+WfiFHK3Nn/fiJTX4XrbSmLuttTv6RGNBeKfbEgeOkt3RwHRTxws4jWLkHyXFyZMyFtgfsmWOqrDBq6unmAFWXWEIJXwIfVrLr9RTaOIyWA6BOr9v1Or9oHm/tC1AdD9SyFpVofRFF1HOrPmOCF9cfcOGJ1Y4vbhsxsPP9cXvYS7BtqlXBoCuETbraw0wemfshiIeuPtlK5qGl/wB30iIYfZ3HtLI1adoyraWjzz/evByG8DYlDUMGSoMvbViFugdLy+uvttCF2K4Er3KiMmiz2z9fk7KxmxDU7Rptgs9YRaDFW61l6XzgAURh9Zfbeo9zQp015RbeCN4N3NqHo7f3SDUynOg+zqe8JWByv73iLxDOmpFRTn6S14Jz0exLB8NXm/R7y2dBf6/CuTAv9z2z9cWRQbMqvXvxL1ZOxyH3mp2tr24KBHZ226x+FgLq66Vt3hZ06+QeAXDe6tvr+6cKJfW9bp1PshLM1eNz+0lvZmV0Pt/bS4DAgNDg0PuKuG0Z8PvxDLL43a4Atvq/euFcGjXpDXafritCDkyRdZIcD5+34hTVyOfXtCPSODv2svoQI9OpCjm8vMFgMaOXpq84ipjPDlevT++4hP441McWaZ+x9nrCpOZ3/wBg2y5gEdGX+6zMlYeg3fTQ6xFthuLL1S3u8LruMPHCjzIWdyCuw/XEdS3NlUoO64Q6QVwIbBHNlacy39djjb0WtjWIJhja76m3mKTQCjvz5wK6O27n9/ozH7zzfx1b0MPs0K7uktVTMdf4RhXsvTX3vgxhqkITsVFAtmoutfrgavcqM7tfyfk2yFZrWIOubo5b/i6GxfX1NogLdiU2Lc3X6lDqTRyef9+4ur8HmLzE+FQ0YROQfEVHcvlvhSswb/XAlthgXcNwjNw4Yx0R+L4pBidYzQeeNB/gf9+e8GzjZOhdaAPnsR/WPl5Acv7rLBUK+Ityrl2+4NWhr8Y6J9z9UFSeBymqC2W4atenB2VjOmgUqDgbuMn3xalDiMpztw4HPkp8MqsypNCq839cCDAYOeYG01K5Zl06/GOAxaSXa+g/idqHyr9ypdD4j5yYiWRg7NW938v7OjxTmnQYTF3ZhbWZeHt424CjuwzWnfY4NjgK+kyKtvo/3pGzCq4ecbpz0ZfkszxnuuQf39X4HMoHQntj4ituhOj6PDGNNUgidscASbjpMLG28+H9nR40Sg4ug7vsZfo9YWWWz/zTjt8DrmtTEsPah3ZbQdpiW3cIDQ12CKHtfwNtEoME9sT2x8T1Kec/crUYN/rgAV2l7tV4TJu/D+zo/lfmiORpdDkft3/BsJHmXKBQZDvRpff/AIEK2YJuhwvG7gA1I3IUw9CoZXW650Pn/JSnkrX/ACPc8EE6jcEFcdf8iQhhvX/Ijs8/5Oh8/wCTofP+TpfP+TSAEygPNtgH+k/oYkFD1mnBBz4Y+hOrmPgi53Fap/wtLS0v/wCEC5Fs5JcVHIYPzHoVc5gG1PSIWK+VQVS2OkPtCDZH4YgtfhnW+GVYt5S+YeSZmXJfZmnU7wqCrtNcnsR2hU06vaadTvLSXmprzM+jFaFsG3+GJavwxM7zRLaN1vHjlHrC9C4NQr5VEEEp0lWRXOo4ehuDURULY7Qrj71+E/uc01U9Hqh+FvzwuRZeMP0RgGnK+UHgPeKbgJWw451eZrPq7uqKw37yqoAOKsHDrdWb1LWeksN3phge6WT+RzwxolHssejzhy5Y+tKeGvSInU+EHRRt6no61PawXFAFfC83lconoPS7CtqxmCZStXK1fvP5uqF1Rt5s/wDKY/5N5vZjIYmmT2agirUt87Od8GDMJoBXe+aY6ZzuTREV9j9/Iw6UTzWWgkZDWtCuvfWUCutclj9sJ/Ap+T74q3UvGddR36iS1IWY2Wga+ZZ2giVmxUQvrXr0mNBtOVG885drYJRed9+3iW4VIUW1ZXsSigGlHVo+rpN4RClWIaZzSXDutIvBZSnfRK037wwbcXWldFtvrXKLfKNGbE84PYsdbOrVVTBsS+XhanqoutNImjUCuQjvuVHJbl40boy75WM1saUXpfU5xAQthfRsiDQ6MX4bp6XArSxQF0AlOSJZaW1shz5pH6uQ6Z2ad5f7RWmcGcTbGF07doINW5nA40bE07QrDFigtV2XoBiWunUltJac+vqzV+tjGO92l1lWMXnpmupekVzZYVigAKPde83/AAFGocZW8mOJxyaBln/roVaTu2w+86DLq11zlZxzUHmDmRzqiZWoA2dzaDnx3tGBGBY5enOHyDuiEMpLIiyRQ0cpTddtY0am8BnGuOktsOg34lwfISmEFJsFsqOOaIeYBSWiKmWM6lJTUMnHRRBgYjgWOe0HsTQRFvpALfK/UIrTYM+JcHyEpifWt2qufaLCqcjXLWIXGhpzvifEw3z0i5gbOHjVJsXppX3AWsrbGUaX9wFrFUFFvZd9NY/AprAKwxhYIYUU0XgGuTuyjsiBBpRYcu8oBonFZF+kIYxU1RnQZz15Q0zKUM5UXVzXuYbJGDGzeO5WGEBeql2VkrrKA5YtVqh3xv1l4F1Tq2rXXB5mPMMHuZPZ9p/c5T2nwYT40hjYNjEENQLAm+M0ZmOVQUAN2sWYuBRsI6g/DR6SttJO5xfrn0CYShoRwlol9kfMUFAZrauab1PupqPMMburWt4fM20iHoIE8iSmQ6Blxd3TpyqEPkVXLl9ItdIzwz08+/8Ahca+0t/A9vBnFYb7x/ZNdEcqasGLuIAWqI47QrogqsCWsuzkjqMou6yZDXeWzBLTZw68sRz4KUVeUd5Z+ZvoW/JM2TW0GurjVjxxHbVNKTnn4iQgjWmbRN9qfMeAXxpNTnyxM7kliqxemeT5l4KirRPmKmQHBrkqG54FWultaptcYcCa0lm+WUIApKDNucR0NAYrZ6xd96jijlfaC77RGgYRN+kSQFBi3NiZrD9yyLIGqtq9+kdlqAVkNmL5YZs1jV48bq9JbGStNXUpwnxNYJ6xsUYMATfOeuK+TT82ioo83+30ldZvTkKeWUl9BqyFeUl5XMwnrS1BSms7XyNbyZ/hc8GrhrvSwYsXn9oJZ0Cl6G636MWMmjfZuyr3vpoxzziPVAVb0HrBzVaOC+wtxKdJhIABV3/aZA5Vsb9YCtks0ceiyjVhe112u/aPEVo39mPlyUXlWu8RUrpzg8tYeU3S9HsmIfaKm7N9MXftEbQb4D3SKMxqKGumrnTadq5kbrsvP/gxgNHGF3ehV9dZa4X2WWbzpuzKKMIDsr+bJcEFwwxo8HzCcq6AtpBYdLuY+9jqKxVU028XmpeJTjAVh5HSVEAGgY7JUCap11fOMIpC+B9mA1YGir8nv6ytAcOw4pywDasnSKwKbsKGwprbr1llKdDZ0YcSmwElZuyj3xFqlYd2XTHUPMOrDdGOa6unclWbboALppvWWWu2AoxtHhpHO4ZlJyGmuT5ShK1i2vPxUYPTDILalaOiOtTClMgLR0WdMrx9K6qUKlKtXjpX/BAl6TawiCN6VqYrpAFWazouz5RL49NFGVaOjkl99fe7EBNCUwQameV6FvK9IxvWXVYTk84hJp96qr6POXyBu7l0tziSiBANVerda+kQREJd8zWK3MuLel6NXvU1xDxyPSWFVdC6O2yYATTR0BRis1lzqssvbZYK0TAVhLgEGAVl/l10v1lVGt5rKjejyi5ZbU+VbdoqeSpssCtM6RqEvQO9Va1sLRUOqy6uFcs1eIH1kBdLbrJTnTSoSqCgM1z9X/6X/8QALRABAQACAgEEAgIDAAICAwEAAREAITFBURBhcYEgkaHwMLHBQOFQ0WBw8ZD/2gAIAQEAAT8Q/wD8SBIFNBZV0H7THHy/Blp9oi/6H/zmxHa0BVfrBf7lesFFWGpLFuHZnJAqoC2K7ZOA/wDLcdKfibf7mNnQo/gym6L9/wDs/mxXJXOILjVFqMCnmXXoGN2x29IqInB8ekQNz6bihVBV1X0DKByZtKDAfc5l3lZcD9PNhKHVVwcT8AwYMqLeCve6gfXwZeEwywwGsuhUaRhSLAFBWCnZvAtmVCZJ4a/IMGDBgw/FjWloiKWMY9Y63SscnUKdxkECwoilYjyr2uAhH7wyB7DJ7B/5emuh/a//AMwE7RTz/wCnH69T4ENGEk4U9t4qHFhXIbUiv71/38P5D/X5pc2v+d+fCNs/UQwRDRqjSKYpVtNgYbVU2k/N+/ofDCu1LsTfsL6MratNzCaGh7B2DpwHj+n+J/46hzhv0dFxXPgfwZJs9PD7OObHim14xX7YdridoPgMOTEJTWI1qymFZ+DEc3+aXNr/AJ34cI0xZxRKaitRlYsAlFvgufY8rjNprmEEuQbmAFUA9CGlAY3Negp98OZHQC6LFl5mMggKuE0stQDAYlml6WXomwViALt59FNZKkbkdDCsFWGuc0RIKrJBSJ8iGoWEJ8AIYmnYpptNOIpy/o7/AAPR0VwNm9XxG4UhptKRXKJCukIKLBIEYQFcpjKqmH1iNJkRr8UztsN/5gJrkSI3Y6T2wuoeNPkRXJ0zzrCKDKXi84q1v/r6bRuj/Q/WI1Vw8HpwfOBChODO7nX/AIfyv4pcKeFT0f52X6xZrAeCKU3dY7Vig2ckmtO30PPJgiViALlFBxIUFgoHowEKsdz7A/39P5H8hgWtXKBS8zIgaL83f649ZxBN3BOmv+Hv0qboJjoV6a4si1ULoBwVdZyUmUcK+kMKSFBU01Vli2heiQ8bFCaa/t2G5nDj7RNU6+k98O1W1VfZy+ffuMEBf8yURwLK75SatdK+9+MjcTWqvuqsCGPfl8rlmm4Ru0vDk+tB8+j3EcOPSApF/D+d/NLhG/zvzfRkRZpAkoOAoAVSBAVTAAClw6DkUDDA9P5H8xgUuZkbP97vc1ptJ10gXS7NkBERNNy+kCVWwypDsdAwJbrWFdCDyNm5rCbiRPD6a/ijXaPSSD1V0hhHaq1XvExGQhSIiO28kqXqnAGc3RW8nv5WvPD3kp/zcFKKdcSeyU+8mbKkvkpwjRPI+i41HgO/6/B6qT5PTaePQ4Ra7+MMh0fgxXK8K9XT3B/XzR6GRQ2Ls+jJ+k8+gK0AP6lHwPo0QRCqrAwVwt52Kf0nrGD/ACd8pAAt3B5bEwt6Dk6K4+E9zFTwsddBpFFh6oIMwAIEPRgywv8AOYFggKlICCENpBHswWERVtqFWC0qhZQ9I53YUyNP0XAsoLYYRpFRPQ5CMmnBdBVOn3C76OeohiKJ8JgRawEo0s9EX3nNwf8AMgkcdz1jgfy6XD4063REERHhMJyKBNlsPcQfrNJoqXwG7H+79DQ+DBIVwxHPfosPbx8Y8fgTPCTE1DKGx/8AdK3segoBzHOAjsgNiFER2mwhN6IJedrmOMak4KlBoIEDRZcTFJbglHl/lxI8lJ5QbX3fwjTzg/H+R9SEH+OzpIloSAjEUEREAHUGXgSeAEiAVok+h07GPAifKAe4yHvwwaBLltNLgG7aE6gDXhQPYEoj6OyZZwoY10X/ANcPcCi1Vbf2MVD/AIFDEsS/AK6FHCWhAUPE6fHJ1dGcM7o1rocr2Y4nSaFH721PI07yrIJ2F4Hg9kHrWNLDnh/GIhUwhAr7Y4jA4wOBD8KBMBgHVJuZtkO4S70wP7kuIWKkEDoRUAkyMjIzadErRX6AVeAFdGFbunQEf2cOyFRjNHh9YwFM8MN57+e/nv57+PK98dByIwVnNG7wR7/B01DSAy7QD3XGbx8jqQVdqUexPVZJGGKAvAHB1jRKpFDUcBKq0NRSbv1pcfVxHVFHTZwsHis3ubx+HkwLtbjsBhrvICikWNJzG/wQyeAVADtc2dP7cCpSFQvv6flQ7aNb5kF5ML/9PTDlb8Iv/wBjlwt/yVXAECHoMwcbocZto6BZo8lR8jnWODdf3nfyUDQGj5QAPnAC7wC4sgJ1h+Ty2aXQCOAEgHFwF+N/dv7MTvK4GfZ/0wBw91j2rieYX3OcD52D3Xb4Xm9xmlGyzLCAsFnMHw5LLzhjFyvRNjah1zOq4FmbmQRDDgVVqLjRzr47+3f8z+3f8z+3f8z+3f8AMQ+lP7GC7lywywiyCnMuuPT6Hbo5ui0A62s4m9ELtbxARXDkYAo/FRMg7HihcZ4zvsDT3ckp/YvzKvphrNsBGPDvFCsOnquQUti7G3CioyoqUIRIiUyvNEMF1Xe8dFadac7rA+M+LGOs499NDHf9BcGA26irraOsVWqr74G9Xk7Zj9PQqRGXhXftH36gfK7tA/SZY9dVkbkV7n9vj0oKSfaI/sPQOw1cqBewB9NBdQKmAByq4jUMgEgqDKATQzIB6XSmlKE+/wAfXr16i/rXrC1gXLzBpkMef6NTiUc/vn/c/vn/AHP75/3P75/3P75/3P75/wBz++f9z++f9z3i+b+MaoAUc8aQfEzqsxyQnaFqqLNS4Ow+qNsKRS0EooRZQD3UMWP/AHl1aYb01Aetw/6BMQgVPqP7JWPb+ByPstYFzFoVQEwxMIVkQpAHYAWwG9R35y9h2U9DWTuJoLTw0YmLEMQJTrF/VljB53QmxrHZxERP07jgHgwQPpYPhHwJ+k4yExbKaAlL2FynNd54xOLvVDztDDeBjjCTQQqhXgp3QIWGPiAijkTzh9CPRBoj5xlcOm4UOiFPZHvBIBVsz3nxBjf1ARRyJ6Qoh4W7/kFP3mj1cePvAqh8+gP7p9vpoUhmbUT2hP28eiuxEC0Xh8xscnoSAsUO8EfYDaI4oQ/2IViN+xmhhIRGcGhLB+LZykAScmkJRhBCAkot+1Yqc4Px/ldQespFVFvAVjhWjUxtWi54VHaAfMYiYHxl/f3vhI0xc+wO2GJeTbs8h+EUa1m74fSQqBwUaWiqqccn1huM6UiJqg7XmAViHzE7YTdBIxXzkDXeqr3/AKQMA3gfQiuMnvlwxVb3Bl40NIGim+pTodAB7DLGXHWVrCdqVg+apXtRv0GFiJOip1EflOp6LVDmD3F/B5vh6Tbc4Nm6egQDtT05x46ekVhvhSQbbUYxF1B3iFUg5RV/biNB37TNvR5ejFgATzm/uS+3GChfl0k0+C3xQecSiKrVe85BkAKlDt2ByQNuNeNcoFajllSFSAQIwcy6wfcN+sfAtQ7V5fxb4MDkThxVWdRNl5ovzls8H4/zOntlZKKN1VQhAReTKhioyVS9VWdIpXwseauHoR2Ilssdn5641nESHixCAu46EOBP7t/I46X2/FNtI2eJv8XIv/w2r/uOzLGPYLiAkIhoCitIo6cOHiraWtKqgr8KbwCiIomxMUOE0jht5Xjl21Bkiu3SWx+H9lO8ov4OnwnkSI9iYTGIaU6JeGLHpj1g6iEiBA6DEEoMTLmAY1u8IMYQQodnm7cE4Gc+lsYvLgnluw41XYMTwXjA+Nq8AbVAq4Ux/dEwztVe69TGVwCQACqOgBVaAVyYECwiIC7LI3lQKCQ4lpZNAAE8oWPj83TZ', 'image/jpeg', 2);

-- --------------------------------------------------------

--
-- Estructura de tabla para la tabla `cfg_pn_cargo`
--

CREATE TABLE `cfg_pn_cargo` (
  `id` int(11) NOT NULL,
  `nombre` varchar(30) COLLATE utf8_spanish_ci NOT NULL,
  `responsable_departamento` int(11) NOT NULL DEFAULT '0',
  `estado` int(1) NOT NULL
) ENGINE=InnoDB DEFAULT CHARSET=utf8 COLLATE=utf8_spanish_ci;

--
-- Volcado de datos para la tabla `cfg_pn_cargo`
--

INSERT INTO `cfg_pn_cargo` (`id`, `nombre`, `responsable_departamento`, `estado`) VALUES
(1, 'COORDINADOR', 1, 1),
(2, 'JEFE DE UNIDAD', 1, 1),
(3, 'TECNICO', 0, 1),
(4, 'SECRTARIA', 0, 1);

-- --------------------------------------------------------

--
-- Estructura de tabla para la tabla `cfg_pn_perfil`
--

CREATE TABLE `cfg_pn_perfil` (
  `id` int(11) NOT NULL,
  `nombre` varchar(30) COLLATE utf8_spanish_ci NOT NULL,
  `estado` int(1) NOT NULL
) ENGINE=InnoDB DEFAULT CHARSET=utf8 COLLATE=utf8_spanish_ci;

--
-- Volcado de datos para la tabla `cfg_pn_perfil`
--

INSERT INTO `cfg_pn_perfil` (`id`, `nombre`, `estado`) VALUES
(0, 'SUPER USUARIO', 1),
(1, 'ADMINISTRADOR', 1),
(2, 'TECNICO', 1),
(3, 'USUARIO', 1);

--
-- Disparadores `cfg_pn_perfil`
--
DELIMITER $$
CREATE TRIGGER `agregando_permisos_basicos` AFTER INSERT ON `cfg_pn_perfil` FOR EACH ROW INSERT INTO `cfg_pn_perfil_permiso` (`id_perfil`,`id_modulo`,`permiso_acceso`) VALUES(new.id , 1, 1)
$$
DELIMITER ;

-- --------------------------------------------------------

--
-- Estructura de tabla para la tabla `cfg_pn_perfil_permiso`
--

CREATE TABLE `cfg_pn_perfil_permiso` (
  `id` int(11) NOT NULL,
  `id_perfil` int(11) NOT NULL,
  `id_modulo` int(11) NOT NULL,
  `permiso_acceso` int(1) NOT NULL,
  `func_nuevo` int(11) NOT NULL DEFAULT '0',
  `func_editar` int(11) NOT NULL DEFAULT '0',
  `func_eliminacion_logica` int(11) NOT NULL DEFAULT '0',
  `func_generar_reporte` int(11) NOT NULL DEFAULT '0',
  `func_generar_reporte_filtrado` int(11) NOT NULL DEFAULT '0',
  `func_permisos_perfil` int(11) NOT NULL DEFAULT '0',
  `func_busqueda_avanzada` int(11) NOT NULL DEFAULT '0',
  `func_detalles` int(11) NOT NULL DEFAULT '0',
  `func_atender` int(11) NOT NULL DEFAULT '0',
  `func_asignar` int(11) NOT NULL DEFAULT '0',
  `func_programar_tarea` int(11) NOT NULL DEFAULT '0',
  `func_iniciar_finalizar_tarea` int(11) NOT NULL DEFAULT '0',
  `func_diagnosticar` int(11) NOT NULL DEFAULT '0',
  `func_gestion_equipo_mantenimiento` int(11) NOT NULL DEFAULT '0',
  `func_respuesta_solicitud` int(11) NOT NULL DEFAULT '0',
  `func_finalizar_solicitud` int(11) NOT NULL DEFAULT '0',
  `func_desincorporar_equipo` int(11) NOT NULL DEFAULT '0',
  `func_desincorporar_periferico` int(11) NOT NULL DEFAULT '0',
  `func_desincorporar_componente` int(11) NOT NULL DEFAULT '0',
  `func_cambiar_periferico` int(11) NOT NULL DEFAULT '0',
  `func_cambiar_componente` int(11) NOT NULL DEFAULT '0',
  `func_cambiar_software` int(11) NOT NULL DEFAULT '0',
  `func_inconformidad_atendida` int(11) NOT NULL DEFAULT '0'
) ENGINE=InnoDB DEFAULT CHARSET=utf8 COLLATE=utf8_spanish_ci;

--
-- Volcado de datos para la tabla `cfg_pn_perfil_permiso`
--

INSERT INTO `cfg_pn_perfil_permiso` (`id`, `id_perfil`, `id_modulo`, `permiso_acceso`, `func_nuevo`, `func_editar`, `func_eliminacion_logica`, `func_generar_reporte`, `func_generar_reporte_filtrado`, `func_permisos_perfil`, `func_busqueda_avanzada`, `func_detalles`, `func_atender`, `func_asignar`, `func_programar_tarea`, `func_iniciar_finalizar_tarea`, `func_diagnosticar`, `func_gestion_equipo_mantenimiento`, `func_respuesta_solicitud`, `func_finalizar_solicitud`, `func_desincorporar_equipo`, `func_desincorporar_periferico`, `func_desincorporar_componente`, `func_cambiar_periferico`, `func_cambiar_componente`, `func_cambiar_software`, `func_inconformidad_atendida`) VALUES
(1, 0, 1, 1, 1, 1, 1, 1, 1, 1, 1, 1, 1, 1, 1, 1, 1, 1, 1, 1, 1, 1, 1, 1, 1, 1, 1),
(2, 0, 2, 1, 1, 0, 0, 0, 0, 0, 0, 1, 0, 0, 0, 0, 0, 0, 0, 0, 0, 0, 0, 0, 0, 0, 0),
(3, 0, 3, 1, 1, 1, 1, 1, 1, 1, 1, 1, 1, 1, 1, 1, 1, 1, 1, 1, 1, 1, 1, 1, 1, 1, 1),
(4, 0, 4, 1, 1, 1, 1, 1, 1, 1, 1, 1, 1, 1, 1, 1, 1, 1, 1, 1, 1, 1, 1, 1, 1, 1, 1),
(5, 0, 5, 1, 1, 1, 1, 1, 1, 1, 1, 1, 1, 1, 1, 1, 1, 1, 1, 1, 1, 1, 1, 1, 1, 1, 1),
(6, 0, 6, 1, 1, 1, 1, 1, 1, 1, 1, 1, 1, 1, 1, 1, 1, 1, 1, 1, 1, 1, 1, 1, 1, 1, 1),
(7, 0, 7, 1, 1, 1, 1, 1, 1, 1, 1, 1, 1, 1, 1, 1, 1, 1, 1, 1, 1, 1, 1, 1, 1, 1, 1),
(8, 0, 8, 1, 1, 1, 1, 1, 1, 1, 1, 1, 1, 1, 1, 1, 1, 1, 1, 1, 1, 1, 1, 1, 1, 1, 1),
(9, 0, 9, 1, 1, 1, 1, 1, 1, 1, 1, 1, 1, 1, 1, 1, 1, 1, 1, 1, 1, 1, 1, 1, 1, 1, 1),
(10, 0, 10, 1, 1, 1, 1, 1, 1, 1, 1, 1, 1, 1, 1, 1, 1, 1, 1, 1, 1, 1, 1, 1, 1, 1, 1),
(11, 0, 11, 1, 1, 1, 1, 1, 1, 1, 1, 1, 1, 1, 1, 1, 1, 1, 1, 1, 1, 1, 1, 1, 1, 1, 1),
(12, 0, 12, 1, 1, 1, 1, 1, 1, 1, 1, 1, 1, 1, 1, 1, 1, 1, 1, 1, 1, 1, 1, 1, 1, 1, 1),
(13, 0, 13, 1, 1, 1, 1, 1, 1, 1, 1, 1, 1, 1, 1, 1, 1, 1, 1, 1, 1, 1, 1, 1, 1, 1, 1),
(14, 0, 14, 1, 1, 1, 1, 1, 1, 1, 1, 1, 1, 1, 1, 1, 1, 1, 1, 1, 1, 1, 1, 1, 1, 1, 1),
(15, 0, 15, 1, 1, 1, 1, 1, 1, 1, 1, 1, 1, 1, 1, 1, 1, 1, 1, 1, 1, 1, 1, 1, 1, 1, 1),
(16, 0, 16, 1, 1, 1, 1, 1, 1, 1, 1, 1, 1, 1, 1, 1, 1, 1, 1, 1, 1, 1, 1, 1, 1, 1, 1),
(17, 0, 17, 1, 1, 1, 1, 1, 1, 1, 1, 1, 1, 1, 1, 1, 1, 1, 1, 1, 1, 1, 1, 1, 1, 1, 1),
(18, 0, 18, 1, 1, 1, 1, 1, 1, 1, 1, 1, 1, 1, 1, 1, 1, 1, 1, 1, 1, 1, 1, 1, 1, 1, 1),
(19, 0, 19, 1, 1, 1, 1, 1, 1, 1, 1, 1, 1, 1, 1, 1, 1, 1, 1, 1, 1, 1, 1, 1, 1, 1, 1),
(20, 0, 20, 1, 1, 1, 1, 1, 1, 1, 1, 1, 1, 1, 1, 1, 1, 1, 1, 1, 1, 1, 1, 1, 1, 1, 1),
(21, 0, 21, 1, 1, 1, 1, 1, 1, 1, 1, 1, 1, 1, 1, 1, 1, 1, 1, 1, 1, 1, 1, 1, 1, 1, 1),
(22, 0, 22, 1, 1, 1, 1, 1, 1, 1, 1, 1, 1, 1, 1, 1, 1, 1, 1, 1, 1, 1, 1, 1, 1, 1, 1),
(23, 0, 23, 1, 1, 1, 1, 1, 1, 1, 1, 1, 1, 1, 1, 1, 1, 1, 1, 1, 1, 1, 1, 1, 1, 1, 1),
(24, 0, 24, 1, 1, 1, 1, 1, 1, 1, 1, 1, 1, 1, 1, 1, 1, 1, 1, 1, 1, 1, 1, 1, 1, 1, 1),
(25, 0, 25, 1, 1, 1, 1, 1, 1, 1, 1, 1, 1, 1, 1, 1, 1, 1, 1, 1, 1, 1, 1, 1, 1, 1, 1),
(26, 0, 26, 1, 1, 1, 1, 1, 1, 1, 1, 1, 1, 1, 1, 1, 1, 1, 1, 1, 1, 1, 1, 1, 1, 1, 1),
(27, 0, 27, 1, 1, 1, 1, 1, 1, 1, 1, 1, 1, 1, 1, 1, 1, 1, 1, 1, 1, 1, 1, 1, 1, 1, 1),
(28, 0, 28, 1, 1, 1, 1, 1, 1, 1, 1, 1, 1, 1, 1, 1, 1, 1, 1, 1, 1, 1, 1, 1, 1, 1, 1),
(29, 0, 29, 1, 1, 1, 1, 1, 1, 1, 1, 1, 1, 1, 1, 1, 1, 1, 1, 1, 1, 1, 1, 1, 1, 1, 1),
(30, 1, 1, 1, 1, 1, 1, 1, 1, 1, 1, 1, 1, 1, 1, 1, 1, 1, 1, 1, 1, 1, 1, 1, 1, 1, 1),
(31, 1, 2, 1, 1, 1, 1, 1, 1, 1, 1, 1, 1, 1, 1, 1, 1, 1, 1, 1, 1, 1, 1, 1, 1, 1, 1),
(32, 1, 3, 1, 1, 1, 1, 1, 1, 1, 1, 1, 1, 1, 1, 1, 1, 1, 1, 1, 1, 1, 1, 1, 1, 1, 1),
(33, 1, 4, 1, 1, 1, 1, 1, 1, 1, 1, 1, 1, 1, 1, 1, 1, 1, 1, 1, 1, 1, 1, 1, 1, 1, 1),
(34, 1, 5, 1, 1, 1, 1, 1, 1, 1, 1, 1, 1, 1, 1, 1, 1, 1, 1, 1, 1, 1, 1, 1, 1, 1, 1),
(35, 1, 6, 1, 1, 1, 1, 1, 1, 1, 1, 1, 1, 1, 1, 1, 1, 1, 1, 1, 1, 1, 1, 1, 1, 1, 1),
(36, 1, 7, 1, 1, 1, 1, 1, 1, 1, 1, 1, 1, 1, 1, 1, 1, 1, 1, 1, 1, 1, 1, 1, 1, 1, 1),
(37, 1, 8, 1, 1, 1, 1, 1, 1, 1, 1, 1, 1, 1, 1, 1, 1, 1, 1, 1, 1, 1, 1, 1, 1, 1, 1),
(38, 1, 9, 1, 1, 1, 1, 1, 1, 1, 1, 1, 1, 1, 1, 1, 1, 1, 1, 1, 1, 1, 1, 1, 1, 1, 1),
(39, 1, 10, 1, 1, 1, 1, 1, 1, 1, 1, 1, 1, 1, 1, 1, 1, 1, 1, 1, 1, 1, 1, 1, 1, 1, 1),
(40, 1, 11, 1, 1, 1, 1, 1, 1, 1, 1, 1, 1, 1, 1, 1, 1, 1, 1, 1, 1, 1, 1, 1, 1, 1, 1),
(41, 1, 12, 1, 1, 1, 1, 1, 1, 1, 1, 1, 1, 1, 1, 1, 1, 1, 1, 1, 1, 1, 1, 1, 1, 1, 1),
(42, 1, 13, 1, 1, 1, 1, 1, 1, 1, 1, 1, 1, 1, 1, 1, 1, 1, 1, 1, 1, 1, 1, 1, 1, 1, 1),
(43, 1, 14, 1, 1, 1, 1, 1, 1, 1, 1, 1, 1, 1, 1, 1, 1, 1, 1, 1, 1, 1, 1, 1, 1, 1, 1),
(44, 1, 15, 1, 1, 1, 1, 1, 1, 1, 1, 1, 1, 1, 1, 1, 1, 1, 1, 1, 1, 1, 1, 1, 1, 1, 1),
(45, 1, 16, 1, 1, 1, 1, 1, 1, 1, 1, 1, 1, 1, 1, 1, 1, 1, 1, 1, 1, 1, 1, 1, 1, 1, 1),
(46, 1, 17, 1, 1, 1, 1, 1, 1, 1, 1, 1, 1, 1, 1, 1, 1, 1, 1, 1, 1, 1, 1, 1, 1, 1, 1),
(47, 1, 18, 1, 1, 1, 1, 1, 1, 1, 1, 1, 1, 1, 1, 1, 1, 1, 1, 1, 1, 1, 1, 1, 1, 1, 1),
(48, 1, 19, 1, 1, 1, 1, 1, 1, 1, 1, 1, 1, 1, 1, 1, 1, 1, 1, 1, 1, 1, 1, 1, 1, 1, 1),
(49, 1, 20, 1, 1, 1, 1, 1, 1, 1, 1, 1, 1, 1, 1, 1, 1, 1, 1, 1, 1, 1, 1, 1, 1, 1, 1),
(50, 1, 21, 1, 1, 1, 1, 1, 1, 1, 1, 1, 1, 1, 1, 1, 1, 1, 1, 1, 1, 1, 1, 1, 1, 1, 1),
(51, 1, 22, 1, 1, 1, 1, 1, 1, 1, 1, 1, 1, 1, 1, 1, 1, 1, 1, 1, 1, 1, 1, 1, 1, 1, 1),
(52, 1, 23, 1, 1, 1, 1, 1, 1, 1, 1, 1, 1, 1, 1, 1, 1, 1, 1, 1, 1, 1, 1, 1, 1, 1, 1),
(53, 1, 24, 1, 1, 1, 1, 1, 1, 1, 1, 1, 1, 1, 1, 1, 1, 1, 1, 1, 1, 1, 1, 1, 1, 1, 1),
(54, 1, 25, 1, 1, 1, 1, 1, 1, 1, 1, 1, 1, 1, 1, 1, 1, 1, 1, 1, 1, 1, 1, 1, 1, 1, 1),
(55, 1, 26, 1, 1, 1, 1, 1, 1, 1, 1, 1, 1, 1, 1, 1, 1, 1, 1, 1, 1, 1, 1, 1, 1, 1, 1),
(56, 1, 27, 1, 1, 1, 1, 1, 1, 1, 1, 1, 1, 1, 1, 1, 1, 1, 1, 1, 1, 1, 1, 1, 1, 1, 1),
(57, 1, 28, 1, 1, 1, 1, 1, 1, 1, 1, 1, 1, 1, 1, 1, 1, 1, 1, 1, 1, 1, 1, 1, 1, 1, 1),
(58, 1, 29, 1, 1, 1, 1, 1, 1, 1, 1, 1, 1, 1, 1, 1, 1, 1, 1, 1, 1, 1, 1, 1, 1, 1, 1),
(59, 2, 1, 1, 1, 1, 1, 1, 1, 1, 1, 1, 1, 1, 1, 1, 1, 1, 1, 1, 1, 1, 1, 1, 1, 1, 1),
(60, 3, 1, 1, 1, 1, 1, 1, 1, 1, 1, 1, 1, 1, 1, 1, 1, 1, 1, 1, 1, 1, 1, 1, 1, 1, 1),
(61, 3, 2, 1, 1, 0, 0, 0, 0, 0, 0, 1, 0, 0, 0, 0, 0, 0, 0, 0, 0, 0, 0, 0, 0, 0, 0),
(62, 2, 2, 1, 1, 0, 0, 0, 0, 0, 0, 1, 0, 0, 0, 0, 0, 0, 0, 0, 0, 0, 0, 0, 0, 0, 0),
(63, 2, 3, 1, 0, 0, 0, 0, 0, 0, 0, 1, 1, 0, 0, 1, 1, 1, 1, 1, 1, 1, 1, 1, 1, 1, 1),
(64, 2, 4, 1, 0, 1, 0, 0, 0, 0, 1, 0, 0, 0, 1, 1, 0, 0, 0, 0, 0, 0, 0, 0, 0, 0, 0),
(65, 2, 5, 1, 0, 1, 0, 0, 0, 0, 1, 0, 0, 1, 0, 0, 0, 0, 0, 0, 0, 0, 0, 0, 0, 0, 0),
(66, 2, 6, 1, 1, 1, 0, 0, 0, 0, 1, 1, 0, 0, 0, 0, 0, 0, 0, 0, 0, 0, 0, 0, 0, 0, 0),
(67, 4, 1, 1, 0, 0, 0, 0, 0, 0, 0, 0, 0, 0, 0, 0, 0, 0, 0, 0, 0, 0, 0, 0, 0, 0, 0),
(68, 6, 1, 1, 0, 0, 0, 0, 0, 0, 0, 0, 0, 0, 0, 0, 0, 0, 0, 0, 0, 0, 0, 0, 0, 0, 0),
(69, 2, 7, 1, 0, 1, 0, 0, 0, 0, 0, 0, 0, 0, 0, 0, 0, 0, 0, 0, 0, 0, 0, 0, 0, 0, 0),
(70, 2, 10, 1, 1, 1, 1, 1, 0, 0, 0, 0, 0, 0, 0, 0, 0, 0, 0, 0, 0, 0, 0, 0, 0, 0, 0),
(71, 2, 11, 0, 1, 1, 1, 1, 0, 1, 0, 0, 0, 0, 0, 0, 0, 0, 0, 0, 0, 0, 0, 0, 0, 0, 0),
(72, 2, 9, 1, 0, 0, 0, 1, 1, 0, 1, 0, 0, 0, 0, 0, 0, 0, 0, 0, 0, 0, 0, 0, 0, 0, 0),
(73, 2, 30, 0, 0, 0, 0, 0, 0, 0, 0, 0, 0, 0, 0, 0, 0, 0, 0, 0, 0, 0, 0, 0, 0, 0, 0),
(74, 2, 31, 1, 0, 0, 0, 0, 0, 0, 0, 0, 0, 0, 0, 0, 0, 0, 0, 0, 0, 0, 0, 0, 0, 0, 0),
(75, 2, 32, 1, 0, 0, 0, 0, 0, 0, 0, 0, 0, 0, 0, 0, 0, 0, 0, 0, 0, 0, 0, 0, 0, 0, 0),
(76, 2, 12, 1, 1, 1, 1, 1, 0, 0, 0, 0, 0, 0, 0, 0, 0, 0, 0, 0, 0, 0, 0, 0, 0, 0, 0),
(77, 2, 13, 1, 1, 1, 1, 1, 0, 0, 0, 0, 0, 0, 0, 0, 0, 0, 0, 0, 0, 0, 0, 0, 0, 0, 0),
(78, 2, 14, 1, 1, 1, 1, 1, 0, 0, 0, 0, 0, 0, 0, 0, 0, 0, 0, 0, 0, 0, 0, 0, 0, 0, 0),
(79, 2, 17, 1, 1, 1, 1, 1, 0, 0, 0, 0, 0, 0, 0, 0, 0, 0, 0, 0, 0, 0, 0, 0, 0, 0, 0),
(80, 2, 18, 1, 1, 1, 1, 1, 0, 0, 0, 0, 0, 0, 0, 0, 0, 0, 0, 0, 0, 0, 0, 0, 0, 0, 0),
(81, 2, 19, 1, 1, 1, 1, 1, 0, 0, 0, 0, 0, 0, 0, 0, 0, 0, 0, 0, 0, 0, 0, 0, 0, 0, 0),
(82, 2, 20, 1, 1, 1, 1, 1, 0, 0, 0, 0, 0, 0, 0, 0, 0, 0, 0, 0, 0, 0, 0, 0, 0, 0, 0),
(83, 2, 21, 1, 1, 1, 1, 1, 0, 0, 0, 0, 0, 0, 0, 0, 0, 0, 0, 0, 0, 0, 0, 0, 0, 0, 0),
(84, 2, 22, 1, 1, 1, 1, 1, 0, 0, 0, 0, 0, 0, 0, 0, 0, 0, 0, 0, 0, 0, 0, 0, 0, 0, 0),
(85, 2, 23, 1, 1, 1, 1, 1, 0, 0, 0, 0, 0, 0, 0, 0, 0, 0, 0, 0, 0, 0, 0, 0, 0, 0, 0),
(86, 2, 24, 1, 1, 1, 1, 1, 0, 0, 0, 0, 0, 0, 0, 0, 0, 0, 0, 0, 0, 0, 0, 0, 0, 0, 0),
(87, 2, 25, 1, 1, 1, 1, 1, 0, 0, 0, 0, 0, 0, 0, 0, 0, 0, 0, 0, 0, 0, 0, 0, 0, 0, 0),
(88, 2, 26, 1, 1, 1, 1, 1, 0, 0, 0, 0, 0, 0, 0, 0, 0, 0, 0, 0, 0, 0, 0, 0, 0, 0, 0),
(89, 2, 27, 1, 1, 1, 1, 1, 0, 0, 0, 0, 0, 0, 0, 0, 0, 0, 0, 0, 0, 0, 0, 0, 0, 0, 0),
(90, 2, 29, 1, 1, 1, 1, 1, 0, 0, 0, 0, 0, 0, 0, 0, 0, 0, 0, 0, 0, 0, 0, 0, 0, 0, 0),
(91, 2, 28, 1, 1, 1, 1, 1, 0, 0, 0, 0, 0, 0, 0, 0, 0, 0, 0, 0, 0, 0, 0, 0, 0, 0, 0),
(92, 1, 30, 1, 0, 0, 0, 0, 0, 0, 0, 0, 0, 0, 0, 0, 0, 0, 0, 0, 0, 0, 0, 0, 0, 0, 0),
(93, 1, 31, 1, 0, 0, 0, 0, 0, 0, 0, 0, 0, 0, 0, 0, 0, 0, 0, 0, 0, 0, 0, 0, 0, 0, 0),
(94, 1, 32, 1, 0, 0, 0, 0, 0, 0, 0, 0, 0, 0, 0, 0, 0, 0, 0, 0, 0, 0, 0, 0, 0, 0, 0);

--
-- Disparadores `cfg_pn_perfil_permiso`
--
DELIMITER $$
CREATE TRIGGER `historial_cfg_pn_perfil_permiso_guardar` BEFORE UPDATE ON `cfg_pn_perfil_permiso` FOR EACH ROW INSERT INTO `historial_cfg_pn_perfil_permiso`(`h_id`, `id_perfil`, `id_modulo`, `permiso_acceso`, `func_nuevo`, `func_editar`, `func_eliminacion_logica`, `func_generar_reporte`, `func_generar_reporte_filtrado`, `func_permisos_perfil`, `func_busqueda_avanzada`, `func_detalles`, `func_atender`, `func_asignar`, `func_programar_tarea`, `func_iniciar_finalizar_tarea`, `func_diagnosticar`, `func_gestion_equipo_mantenimiento`, `func_respuesta_solicitud`, `func_finalizar_solicitud`, `func_desincorporar_equipo`, `func_desincorporar_periferico`, `func_desincorporar_componente`, `func_cambiar_periferico`, `func_cambiar_componente`, `func_cambiar_software`, `func_inconformidad_atendida`, `fecha_historial`)
VALUES (OLD.id ,
        OLD.id_perfil, 
        OLD.id_modulo, OLD.permiso_acceso, OLD.func_nuevo, OLD.func_editar, OLD.func_eliminacion_logica, OLD.func_generar_reporte, OLD.func_generar_reporte_filtrado, OLD.func_permisos_perfil, OLD.func_busqueda_avanzada, OLD.func_detalles, OLD.func_atender, OLD.func_asignar, OLD.func_programar_tarea, OLD.func_iniciar_finalizar_tarea, OLD.func_diagnosticar, OLD.func_gestion_equipo_mantenimiento, OLD.func_respuesta_solicitud, OLD.func_finalizar_solicitud, OLD.func_desincorporar_equipo, OLD.func_desincorporar_periferico, OLD.func_desincorporar_componente, OLD.func_cambiar_periferico, OLD.func_cambiar_componente, OLD.func_cambiar_software, OLD.func_inconformidad_atendida, sysdate(3) )
$$
DELIMITER ;

-- --------------------------------------------------------

--
-- Estructura de tabla para la tabla `cfg_pn_usuario`
--

CREATE TABLE `cfg_pn_usuario` (
  `id` int(11) NOT NULL,
  `usuario` varchar(20) COLLATE utf8_spanish_ci NOT NULL,
  `contrasena` text COLLATE utf8_spanish_ci NOT NULL,
  `estado` int(1) NOT NULL,
  `id_perfil` int(11) DEFAULT NULL
) ENGINE=InnoDB DEFAULT CHARSET=utf8 COLLATE=utf8_spanish_ci;

--
-- Volcado de datos para la tabla `cfg_pn_usuario`
--

INSERT INTO `cfg_pn_usuario` (`id`, `usuario`, `contrasena`, `estado`, `id_perfil`) VALUES
(0, 'SISTEMA', 'eyJ0eXAiOiJKV1QiLCJhbGciOiJIUzI1NiJ9.eyJkYXRhIjp7ImNvbnRyYXNlbmEiOiJTSUdNQU5TVEVDMCJ9fQ.bEvL-epVqQqOWmT0nRsV_vG2vyLeHZfEg9kQ69wZpY0', 1, 0),
(1, 'YIRET', 'eyJ0eXAiOiJKV1QiLCJhbGciOiJIUzI1NiJ9.eyJkYXRhIjp7ImNvbnRyYXNlbmEiOiJZSVJFVCJ9fQ.tYmRd6N8aWGdhzDMclKxAaXzKg9wcoSUDn4jGv8De4s', 1, 2),
(2, 'ALEXANDER', 'eyJ0eXAiOiJKV1QiLCJhbGciOiJIUzI1NiJ9.eyJkYXRhIjp7ImNvbnRyYXNlbmEiOiJBTEVYQU5ERVIifX0.P5BG2-6AI5hGmnngAcOLJT2zjAdwaRiTN9obQ56bQbE', 1, 1);

-- --------------------------------------------------------

--
-- Estructura de tabla para la tabla `cfg_tarea`
--

CREATE TABLE `cfg_tarea` (
  `id` int(11) NOT NULL,
  `nombre` varchar(100) CHARACTER SET utf8 COLLATE utf8_spanish2_ci NOT NULL,
  `descripcion` varchar(255) COLLATE utf8_spanish_ci NOT NULL,
  `tarea_correctiva` int(1) NOT NULL DEFAULT '0',
  `estado` int(1) NOT NULL
) ENGINE=InnoDB DEFAULT CHARSET=utf8 COLLATE=utf8_spanish_ci;

--
-- Volcado de datos para la tabla `cfg_tarea`
--

INSERT INTO `cfg_tarea` (`id`, `nombre`, `descripcion`, `tarea_correctiva`, `estado`) VALUES
(1, 'FORMATEAR', '								  		', 1, 1),
(2, 'RESPALDAR', '								  		', 0, 1),
(3, 'ACTUALIZACIÓN DE ANTIVIRUS', '								  		', 0, 1),
(4, 'LIMPIEZA PARCIAL', '								  		', 0, 1),
(5, 'RECUPERACIÓN DE ARCHIVOS', '								  		', 1, 1),
(6, 'LIMPIAR MEMORIA RAM CON FALLAS', '								  		', 1, 1),
(7, 'LIMPIEZA COMPLETA', '								  		', 0, 1),
(8, 'APLICAR LIMPIADOR DE CONTACTO ', 'LIMPIADOR DE CONTACTO SQ', 0, 1),
(9, 'CAMBIAR CABLE VGA', '								  		', 1, 1),
(10, 'REPARAR PUERTOS USB', '								  		', 1, 1),
(11, 'INSTALAR SISTEMA OPERATIVO', '								  		', 1, 1),
(12, 'GUARDAR Y ENVIAR RESPALDO', '								  		', 1, 1);

-- --------------------------------------------------------

--
-- Estructura de tabla para la tabla `equipo`
--

CREATE TABLE `equipo` (
  `id` int(11) NOT NULL,
  `serial` varchar(50) COLLATE utf8_spanish_ci NOT NULL,
  `serial_bn` varchar(50) COLLATE utf8_spanish_ci NOT NULL,
  `id_c_fisc_eq` int(11) NOT NULL,
  `estado` int(1) NOT NULL DEFAULT '1'
) ENGINE=InnoDB DEFAULT CHARSET=utf8 COLLATE=utf8_spanish_ci;

-- --------------------------------------------------------

--
-- Estructura de tabla para la tabla `equipo_componente`
--

CREATE TABLE `equipo_componente` (
  `id_equipo` int(11) NOT NULL,
  `id_componente` int(11) NOT NULL,
  `observacion` varchar(255) COLLATE utf8_spanish_ci NOT NULL DEFAULT 'En uso',
  `fecha` datetime NOT NULL,
  `fecha_desincorporacion` datetime NOT NULL,
  `estado` int(1) NOT NULL DEFAULT '1'
) ENGINE=InnoDB DEFAULT CHARSET=utf8 COLLATE=utf8_spanish_ci;

-- --------------------------------------------------------

--
-- Estructura de tabla para la tabla `equipo_periferico`
--

CREATE TABLE `equipo_periferico` (
  `id_equipo` int(11) NOT NULL,
  `id_periferico` int(11) NOT NULL,
  `observacion` varchar(255) COLLATE utf8_spanish_ci NOT NULL DEFAULT 'En uso',
  `fecha` datetime NOT NULL,
  `fecha_desincorporacion` datetime NOT NULL,
  `estado` int(1) NOT NULL DEFAULT '1'
) ENGINE=InnoDB DEFAULT CHARSET=utf8 COLLATE=utf8_spanish_ci;

-- --------------------------------------------------------

--
-- Estructura de tabla para la tabla `equipo_software`
--

CREATE TABLE `equipo_software` (
  `id_equipo` int(11) NOT NULL,
  `id_software` int(11) NOT NULL,
  `observacion` varchar(255) COLLATE utf8_spanish_ci NOT NULL DEFAULT 'En uso',
  `fecha` datetime NOT NULL,
  `fecha_desincorporacion` datetime NOT NULL,
  `estado` int(1) NOT NULL DEFAULT '1'
) ENGINE=InnoDB DEFAULT CHARSET=utf8 COLLATE=utf8_spanish_ci;

-- --------------------------------------------------------

--
-- Estructura de tabla para la tabla `eq_componente`
--

CREATE TABLE `eq_componente` (
  `id` int(11) NOT NULL,
  `serial` varchar(50) COLLATE utf8_spanish_ci NOT NULL,
  `serial_bn` varchar(50) COLLATE utf8_spanish_ci NOT NULL,
  `id_c_fisc_comp` int(11) NOT NULL,
  `estado` int(1) NOT NULL DEFAULT '1'
) ENGINE=InnoDB DEFAULT CHARSET=utf8 COLLATE=utf8_spanish_ci;

--
-- Volcado de datos para la tabla `eq_componente`
--

INSERT INTO `eq_componente` (`id`, `serial`, `serial_bn`, `id_c_fisc_comp`, `estado`) VALUES
(1, '1058743730', '', 3, 0),
(2, '106787450', '', 3, 1),
(3, '109823423', '', 1, 0),
(4, '0076691', '', 3, 1),
(5, '785685', '', 4, 1),
(6, '00146578', '', 2, 1);

-- --------------------------------------------------------

--
-- Estructura de tabla para la tabla `eq_periferico`
--

CREATE TABLE `eq_periferico` (
  `id` int(11) NOT NULL,
  `serial` varchar(50) COLLATE utf8_spanish_ci NOT NULL,
  `serial_bn` varchar(50) COLLATE utf8_spanish_ci NOT NULL,
  `id_c_fisc_perif` int(11) NOT NULL,
  `estado` int(1) NOT NULL DEFAULT '1'
) ENGINE=InnoDB DEFAULT CHARSET=utf8 COLLATE=utf8_spanish_ci;

--
-- Volcado de datos para la tabla `eq_periferico`
--

INSERT INTO `eq_periferico` (`id`, `serial`, `serial_bn`, `id_c_fisc_perif`, `estado`) VALUES
(1, '109857830', '', 6, 0),
(2, 'DGH322324', '', 1, 1),
(3, '23435626600', '', 6, 1),
(4, '647484854', '', 6, 1),
(5, '7656100', '', 4, 1),
(6, '6576765', '', 3, 1);

-- --------------------------------------------------------

--
-- Estructura de tabla para la tabla `eq_software`
--

CREATE TABLE `eq_software` (
  `id` int(11) NOT NULL,
  `nombre` varchar(100) COLLATE utf8_spanish_ci NOT NULL,
  `version` varchar(20) COLLATE utf8_spanish_ci NOT NULL,
  `id_c_logc_tipo` int(11) NOT NULL,
  `id_c_logc_distribucion` int(11) NOT NULL,
  `estado` int(1) NOT NULL DEFAULT '1'
) ENGINE=InnoDB DEFAULT CHARSET=utf8 COLLATE=utf8_spanish_ci;

--
-- Volcado de datos para la tabla `eq_software`
--

INSERT INTO `eq_software` (`id`, `nombre`, `version`, `id_c_logc_tipo`, `id_c_logc_distribucion`, `estado`) VALUES
(1, 'CANAIMA', '5', 1, 3, 1),
(2, 'WINDOWS', '7', 1, 2, 1),
(3, 'WINDOWS', '8', 1, 2, 1),
(4, 'UBUNTU', '14', 1, 3, 1),
(5, 'WINODWS', '10', 1, 2, 1);

-- --------------------------------------------------------

--
-- Estructura de tabla para la tabla `historial_cfg_pn_perfil_permiso`
--

CREATE TABLE `historial_cfg_pn_perfil_permiso` (
  `h_id` int(11) NOT NULL,
  `id_perfil` int(11) NOT NULL,
  `id_modulo` int(11) NOT NULL,
  `permiso_acceso` int(1) NOT NULL,
  `func_nuevo` int(11) NOT NULL DEFAULT '0',
  `func_editar` int(11) NOT NULL DEFAULT '0',
  `func_eliminacion_logica` int(11) NOT NULL DEFAULT '0',
  `func_generar_reporte` int(11) NOT NULL DEFAULT '0',
  `func_generar_reporte_filtrado` int(11) NOT NULL DEFAULT '0',
  `func_permisos_perfil` int(11) NOT NULL DEFAULT '0',
  `func_busqueda_avanzada` int(11) NOT NULL DEFAULT '0',
  `func_detalles` int(11) NOT NULL DEFAULT '0',
  `func_atender` int(11) NOT NULL DEFAULT '0',
  `func_asignar` int(11) NOT NULL DEFAULT '0',
  `func_programar_tarea` int(11) NOT NULL DEFAULT '0',
  `func_iniciar_finalizar_tarea` int(11) NOT NULL DEFAULT '0',
  `func_diagnosticar` int(11) NOT NULL DEFAULT '0',
  `func_gestion_equipo_mantenimiento` int(11) NOT NULL DEFAULT '0',
  `func_respuesta_solicitud` int(11) NOT NULL DEFAULT '0',
  `func_finalizar_solicitud` int(11) NOT NULL DEFAULT '0',
  `func_desincorporar_equipo` int(11) NOT NULL DEFAULT '0',
  `func_desincorporar_periferico` int(11) NOT NULL DEFAULT '0',
  `func_desincorporar_componente` int(11) NOT NULL DEFAULT '0',
  `func_cambiar_periferico` int(11) NOT NULL DEFAULT '0',
  `func_cambiar_componente` int(11) NOT NULL DEFAULT '0',
  `func_cambiar_software` int(11) NOT NULL DEFAULT '0',
  `func_inconformidad_atendida` int(11) NOT NULL DEFAULT '0',
  `fecha_historial` datetime(3) NOT NULL
) ENGINE=InnoDB DEFAULT CHARSET=utf8 COLLATE=utf8_spanish_ci;

-- --------------------------------------------------------

--
-- Estructura de tabla para la tabla `historial_mtn_modulo`
--

CREATE TABLE `historial_mtn_modulo` (
  `h_id` int(11) NOT NULL,
  `nombre` varchar(50) COLLATE utf8_spanish_ci NOT NULL,
  `descripcion` varchar(255) COLLATE utf8_spanish_ci NOT NULL,
  `estado` int(1) NOT NULL,
  `id_modulo_pertenece` int(250) DEFAULT '0',
  `func_nuevo` int(1) DEFAULT '0',
  `func_editar` int(1) DEFAULT '0',
  `func_eliminacion_logica` int(1) DEFAULT '0',
  `func_generar_reporte` int(1) DEFAULT '0',
  `func_generar_reporte_filtrado` int(1) DEFAULT '0',
  `func_permisos_perfil` int(1) DEFAULT '0',
  `func_busqueda_avanzada` int(1) DEFAULT '0',
  `func_detalles` int(1) DEFAULT '0',
  `func_atender` int(1) DEFAULT '0',
  `func_asignar` int(1) DEFAULT '0',
  `func_programar_tarea` int(1) DEFAULT '0',
  `func_iniciar_finalizar_tarea` int(1) DEFAULT '0',
  `func_diagnosticar` int(1) DEFAULT '0',
  `func_gestion_equipo_mantenimiento` int(1) DEFAULT '0',
  `func_respuesta_solicitud` int(1) DEFAULT '0',
  `func_finalizar_solicitud` int(1) DEFAULT '0',
  `func_desincorporar_equipo` int(11) NOT NULL DEFAULT '0',
  `func_desincorporar_periferico` int(11) NOT NULL DEFAULT '0',
  `func_desincorporar_componente` int(11) NOT NULL DEFAULT '0',
  `func_cambiar_periferico` int(11) NOT NULL DEFAULT '0',
  `func_cambiar_componente` int(11) NOT NULL DEFAULT '0',
  `func_cambiar_software` int(11) NOT NULL DEFAULT '0',
  `func_inconformidad_atendida` int(11) NOT NULL DEFAULT '0',
  `fecha_historial` datetime(3) DEFAULT NULL
) ENGINE=InnoDB DEFAULT CHARSET=utf8 COLLATE=utf8_spanish_ci;

-- --------------------------------------------------------

--
-- Estructura de tabla para la tabla `mantenimiento`
--

CREATE TABLE `mantenimiento` (
  `id` int(11) NOT NULL,
  `observacion` varchar(255) COLLATE utf8_spanish_ci DEFAULT NULL,
  `fecha_i` datetime NOT NULL,
  `fecha_f` datetime DEFAULT NULL,
  `tiempo_estimado_mant` int(11) NOT NULL DEFAULT '0',
  `estado` int(1) NOT NULL,
  `id_tipo_mant` int(11) NOT NULL,
  `id_tarea_equipo` int(11) NOT NULL,
  `id_solicitud` int(11) NOT NULL DEFAULT '0'
) ENGINE=InnoDB DEFAULT CHARSET=utf8 COLLATE=utf8_spanish_ci;

-- --------------------------------------------------------

--
-- Estructura de tabla para la tabla `mant_tipo_mantenimiento`
--

CREATE TABLE `mant_tipo_mantenimiento` (
  `id` int(11) NOT NULL,
  `nombre` varchar(30) COLLATE utf8_spanish_ci NOT NULL
) ENGINE=InnoDB DEFAULT CHARSET=utf8 COLLATE=utf8_spanish_ci;

--
-- Volcado de datos para la tabla `mant_tipo_mantenimiento`
--

INSERT INTO `mant_tipo_mantenimiento` (`id`, `nombre`) VALUES
(1, 'PREVENTIVO'),
(2, 'CORRECTIVO');

-- --------------------------------------------------------

--
-- Estructura de tabla para la tabla `mtn_modulo`
--

CREATE TABLE `mtn_modulo` (
  `id` int(11) NOT NULL,
  `nombre` varchar(50) COLLATE utf8_spanish_ci NOT NULL,
  `descripcion` varchar(255) COLLATE utf8_spanish_ci NOT NULL,
  `estado` int(1) NOT NULL,
  `id_modulo_pertenece` int(250) DEFAULT NULL,
  `func_nuevo` int(1) DEFAULT NULL,
  `func_editar` int(1) DEFAULT NULL,
  `func_eliminacion_logica` int(1) DEFAULT NULL,
  `func_generar_reporte` int(1) DEFAULT NULL,
  `func_generar_reporte_filtrado` int(1) DEFAULT NULL,
  `func_permisos_perfil` int(1) DEFAULT NULL,
  `func_busqueda_avanzada` int(1) DEFAULT NULL,
  `func_detalles` int(1) DEFAULT NULL,
  `func_atender` int(1) DEFAULT NULL,
  `func_asignar` int(1) DEFAULT NULL,
  `func_programar_tarea` int(1) DEFAULT NULL,
  `func_iniciar_finalizar_tarea` int(1) DEFAULT NULL,
  `func_diagnosticar` int(1) DEFAULT NULL,
  `func_gestion_equipo_mantenimiento` int(1) DEFAULT NULL,
  `func_respuesta_solicitud` int(1) DEFAULT NULL,
  `func_finalizar_solicitud` int(1) DEFAULT NULL,
  `func_desincorporar_equipo` int(11) NOT NULL DEFAULT '0',
  `func_desincorporar_periferico` int(11) NOT NULL DEFAULT '0',
  `func_desincorporar_componente` int(11) NOT NULL DEFAULT '0',
  `func_cambiar_periferico` int(11) NOT NULL DEFAULT '0',
  `func_cambiar_componente` int(11) NOT NULL DEFAULT '0',
  `func_cambiar_software` int(11) NOT NULL DEFAULT '0',
  `func_inconformidad_atendida` int(11) NOT NULL DEFAULT '0'
) ENGINE=InnoDB DEFAULT CHARSET=utf8 COLLATE=utf8_spanish_ci;

--
-- Volcado de datos para la tabla `mtn_modulo`
--

INSERT INTO `mtn_modulo` (`id`, `nombre`, `descripcion`, `estado`, `id_modulo_pertenece`, `func_nuevo`, `func_editar`, `func_eliminacion_logica`, `func_generar_reporte`, `func_generar_reporte_filtrado`, `func_permisos_perfil`, `func_busqueda_avanzada`, `func_detalles`, `func_atender`, `func_asignar`, `func_programar_tarea`, `func_iniciar_finalizar_tarea`, `func_diagnosticar`, `func_gestion_equipo_mantenimiento`, `func_respuesta_solicitud`, `func_finalizar_solicitud`, `func_desincorporar_equipo`, `func_desincorporar_periferico`, `func_desincorporar_componente`, `func_cambiar_periferico`, `func_cambiar_componente`, `func_cambiar_software`, `func_inconformidad_atendida`) VALUES
(1, 'INICIO', 'DATOS DE MAYOR RELEVANCIA PARA EL USUARIO', 1, 0, 0, 0, 0, 0, 0, 0, 0, 0, 0, 0, 0, 0, 0, 0, 0, 0, 0, 0, 0, 0, 0, 0, 0),
(2, 'SOLICITUD', 'EL USUARIO PODRA REALIZAR SOLICITUD DE UN EQUIPO  ', 1, 0, 1, 0, 0, 0, 0, 0, 0, 1, 0, 0, 0, 0, 0, 0, 0, 0, 0, 0, 0, 0, 0, 0, 0),
(3, 'MANTENIMIENTO ', 'SE GESTIONARAN LOS MANTENIMIENTOS CORRECTIVOS', 1, 0, 0, 0, 0, 0, 0, 0, 0, 1, 1, 0, 0, 1, 1, 1, 1, 1, 1, 1, 1, 1, 1, 1, 1),
(4, 'TAREAS PROGRAMADAS', '  SE GESTIONAN LOS EQUIPOS CON SUS RESPECTIVOS CAR', 1, 0, 0, 1, 0, 0, 0, 0, 1, 0, 0, 0, 1, 1, 0, 0, 0, 0, 0, 0, 0, 0, 0, 0, 0),
(5, 'ASIGNACIONES', '  SE GESTIONA LAS FECHA D SERVICIOS TECNICOS PARA LOS EQUIPOS', 1, 0, 0, 1, 0, 0, 0, 0, 1, 0, 0, 1, 0, 0, 0, 0, 0, 0, 0, 0, 0, 0, 0, 0, 0),
(6, 'EQUIPOS', 'SE REGISTRAN LOS EQUIPOS, CON SUS CARACTERISTICAS, COMPONENTES, PERIFERICOS Y DIVERSOS SOFTWARE', 1, 0, 1, 1, 0, 0, 0, 0, 1, 1, 0, 0, 0, 0, 0, 0, 0, 0, 0, 0, 0, 0, 0, 0, 0),
(7, 'CONFIGURACION', 'SE ENCARGA DE LA ADMINISTRACION DE LOS MODULOS QUE GESTIONAN LA INFORMACION NECESARIA PARA LA FUNCIONALIDAD DEL SISTEMA', 1, 0, 0, 1, 0, 0, 0, 0, 0, 0, 0, 0, 0, 0, 0, 0, 0, 0, 0, 0, 0, 0, 0, 0, 0),
(8, 'AJUSTES DE SISTEMA', 'SE REALIZA LA GESTION DE ACCESO A MODULOS, EN QUE SE ESTEN DESARROLLANDO, REALIZAR BACKUP Y RESTORE DE DATOS DEL SISTEMA', 1, 0, 0, 1, 0, 0, 0, 0, 0, 0, 0, 0, 0, 0, 0, 0, 0, 0, 0, 0, 0, 0, 0, 0, 0),
(9, 'REPORTES', 'SE GESTIONAN LOS REPORTES DE LOS MOVIMIENTOS, RENDIMIENTO DE USUARIOS, DE LOS MANTENIMIENTOS PREVENTIVOS Y CORRECTIVOS.', 1, 0, 0, 0, 0, 1, 1, 0, 1, 0, 0, 0, 0, 0, 0, 0, 0, 0, 0, 0, 0, 0, 0, 0, 0),
(10, 'PERSONAS', 'GESTION DE LAS PERSONAS QUE USARAN EL SISTEMA', 1, 7, 1, 1, 1, 1, 0, 0, 0, 0, 0, 0, 0, 0, 0, 0, 0, 0, 0, 0, 0, 0, 0, 0, 0),
(11, 'PERFILES', '  GESTION DE LOS PERFILES DE LOS USUARIOS DE LAS PERSONAS', 1, 10, 1, 1, 1, 1, 0, 1, 0, 0, 0, 0, 0, 0, 0, 0, 0, 0, 0, 0, 0, 0, 0, 0, 0),
(12, 'DEPARTAMENTOS', 'GESTION DE LOS  DEPARTAMENTO DONDE SE UBICARN LOS EQUIPOS', 1, 7, 1, 1, 1, 1, 0, 0, 0, 0, 0, 0, 0, 0, 0, 0, 0, 0, 0, 0, 0, 0, 0, 0, 0),
(13, 'CARGOS', 'GESTION DE LOS CAROS RESPONSABLES DE LOS EQUIPOS EN LOS DEPARTAMENTOS', 1, 12, 1, 1, 1, 1, 0, 0, 0, 0, 0, 0, 0, 0, 0, 0, 0, 0, 0, 0, 0, 0, 0, 0, 0),
(14, 'TAREAS', 'GESTION DE LAS TAREAS QUE SE PROGRAMARAN A LOS EQUIPOS', 1, 7, 1, 1, 1, 1, 0, 0, 0, 0, 0, 0, 0, 0, 0, 0, 0, 0, 0, 0, 0, 0, 0, 0, 0),
(17, 'TIPO DE CL', 'ES LA CARACTERISTICA LOGICA QUE SE LE ASIGNARA A EL SOFTWARE', 1, 24, 1, 1, 1, 1, 0, 0, 0, 0, 0, 0, 0, 0, 0, 0, 0, 0, 0, 0, 0, 0, 0, 0, 0),
(18, 'DISTRIBUCION  DE CL', '  GESTION DE LAS CARACTERISTICA LOGICA QUE SE LE ASIGNARA AL SOFTWARE', 1, 24, 1, 1, 1, 1, 0, 0, 0, 0, 0, 0, 0, 0, 0, 0, 0, 0, 0, 0, 0, 0, 0, 0, 0),
(19, 'TIPO DE CF', 'GESTION DEL TIPO DE CARACTERISTIDA LOGICA QUE SE LE ASIGNARA A UN EQUIPO,PERIFERICO O COMPONENTE', 1, 25, 1, 1, 1, 1, 0, 0, 0, 0, 0, 0, 0, 0, 0, 0, 0, 0, 0, 0, 0, 0, 0, 0, 0),
(20, 'MARCA DE CF', 'GESTION DE LAS MARCAS DE CARACTERISTICAS FISICAS ', 1, 25, 1, 1, 1, 1, 0, 0, 0, 0, 0, 0, 0, 0, 0, 0, 0, 0, 0, 0, 0, 0, 0, 0, 0),
(21, 'MODELO DE CF', '  GESTION DEL MODELO DE LAS CRACTERISTICAS FISICAS', 1, 25, 1, 1, 1, 1, 0, 0, 0, 0, 0, 0, 0, 0, 0, 0, 0, 0, 0, 0, 0, 0, 0, 0, 0),
(22, 'INTERFAZ DE CONEXION DE CF', 'GESTION DE LAS INTERFACES DE CONEXION DE LAS CARACTERISTICAS FISICAS', 1, 25, 1, 1, 1, 1, 0, 0, 0, 0, 0, 0, 0, 0, 0, 0, 0, 0, 0, 0, 0, 0, 0, 0, 0),
(23, 'UNIDAD DE MEDIDA DE CF', 'GESTION DE LAS UNIDADES DE MEDIDAS DE LASS CARACTERISTICAS FISCIAS', 1, 25, 1, 1, 1, 1, 0, 0, 0, 0, 0, 0, 0, 0, 0, 0, 0, 0, 0, 0, 0, 0, 0, 0, 0),
(24, 'CARACTERISTICAS LOGICAS', 'ESTAS SON UNAS DE LAS CARACTERISTICAS QUE SE LE ASIGNARA AL SOFTWARE', 1, 7, 1, 1, 1, 1, 0, 0, 0, 0, 0, 0, 0, 0, 0, 0, 0, 0, 0, 0, 0, 0, 0, 0, 0),
(25, 'CARACTERISTICAS FISICAS', 'EN ESTE NMODULO DE CONFIGURACION SE GESTIONARA LAS CARACTERISTICAS QUE SE LE  ASIGNEN A LOS EQUIPOS , PERIFERICOS Y LOS COMPONENTES', 1, 7, 1, 1, 1, 1, 0, 0, 0, 0, 0, 0, 0, 0, 0, 0, 0, 0, 0, 0, 0, 0, 0, 0, 0),
(26, 'CARACTERISTICAS PARA EQUIPOS', '  GESTION DE LAS CARACTERISTICAS DE LOS EQUIPOS, EXTRAYENDO DATOS DE LAS CARACTERISTICAS FISICAS', 1, 7, 1, 1, 1, 1, 0, 0, 0, 0, 0, 0, 0, 0, 0, 0, 0, 0, 0, 0, 0, 0, 0, 0, 0),
(27, 'CARACTERISTICAS PARA PERIFERIC', '    GESTION DE LAS CARACTERISTICAS DE LOS PERIFERICOS, EXTRAYENDO DATOS DE LAS CARACTERISTICAS FISICAS', 1, 7, 1, 1, 1, 1, 0, 0, 0, 0, 0, 0, 0, 0, 0, 0, 0, 0, 0, 0, 0, 0, 0, 0, 0),
(28, 'CARACTERISTICAS PARA COMPONENT', '    GESTION DE LAS CARACTERISTICAS DE LOS COMPONENTES, EXTRAYENDO DATOS DE LAS CARACTERISTICAS FISICAS', 1, 7, 1, 1, 1, 1, 0, 0, 0, 0, 0, 0, 0, 0, 0, 0, 0, 0, 0, 0, 0, 0, 0, 0, 0),
(29, 'SOFTWARE', '    GESTION DE LOS SOFTWARE, EXTRAYENDO DATOS DE LAS CARACTERISTICAS LOGICAS', 1, 7, 1, 1, 1, 1, 0, 0, 0, 0, 0, 0, 0, 0, 0, 0, 0, 0, 0, 0, 0, 0, 0, 0, 0),
(30, 'GERENCIALES', 'SE ENCARGA DE LOS REPORTES PARA LA TOMA DE DECISIONES.', 1, 9, 0, 0, 0, 0, 0, 0, 0, 0, 0, 0, 0, 0, 0, 0, 0, 0, 0, 0, 0, 0, 0, 0, 0),
(31, 'ESTRATEGICOS', 'PARA COORDINAR ESTRATEGIA  A LOS TÃ‰CNICOS, EN OCASIONES NECESARIAS.', 1, 9, 0, 0, 0, 0, 0, 0, 0, 0, 0, 0, 0, 0, 0, 0, 0, 0, 0, 0, 0, 0, 0, 0, 0),
(32, 'OPERATIVOS', 'PARA LA VER LOS DATOS PRECISOS EN LA OPERACIONES REALIZADAS.', 1, 9, 0, 0, 0, 0, 0, 0, 0, 0, 0, 0, 0, 0, 0, 0, 0, 0, 0, 0, 0, 0, 0, 0, 0);

--
-- Disparadores `mtn_modulo`
--
DELIMITER $$
CREATE TRIGGER `historial_mtn_modulo_guardar` BEFORE UPDATE ON `mtn_modulo` FOR EACH ROW INSERT INTO `historial_mtn_modulo` (`h_id`, `nombre`, `descripcion`, `estado`,`id_modulo_pertenece`, `func_nuevo`, `func_editar`, `func_eliminacion_logica`,`func_generar_reporte`, `func_generar_reporte_filtrado`,`func_permisos_perfil`, `func_busqueda_avanzada`, `func_detalles`, `func_atender`, `func_asignar`, `func_programar_tarea`, `func_iniciar_finalizar_tarea`, `func_diagnosticar`, `func_gestion_equipo_mantenimiento`, `func_respuesta_solicitud`, `func_finalizar_solicitud`, `func_desincorporar_equipo`, `func_desincorporar_periferico`, `func_desincorporar_componente`, `func_cambiar_periferico`, `func_cambiar_componente`, `func_cambiar_software`, `func_inconformidad_atendida`,`fecha_historial`) 
    VALUES (OLD.id, OLD.nombre, OLD.descripcion, OLD.estado, OLD.id_modulo_pertenece, OLD.func_nuevo, OLD.func_editar, OLD.func_eliminacion_logica, OLD.func_generar_reporte, OLD.func_generar_reporte_filtrado, OLD.func_permisos_perfil, OLD.func_busqueda_avanzada, OLD.func_detalles, OLD.func_atender, OLD.func_asignar, OLD.func_programar_tarea, OLD.func_iniciar_finalizar_tarea, OLD.func_diagnosticar, OLD.func_gestion_equipo_mantenimiento, OLD.func_respuesta_solicitud, OLD.func_finalizar_solicitud, OLD.func_desincorporar_equipo, OLD.func_desincorporar_periferico, OLD.func_desincorporar_componente, OLD.func_cambiar_periferico, OLD.func_cambiar_componente, OLD.func_cambiar_software, OLD.func_inconformidad_atendida, sysdate(3) )
$$
DELIMITER ;

-- --------------------------------------------------------

--
-- Estructura de tabla para la tabla `persona_ejecuta`
--

CREATE TABLE `persona_ejecuta` (
  `detalles` text COLLATE utf8_spanish_ci NOT NULL,
  `fecha` datetime(3) NOT NULL,
  `id_persona` int(11) NOT NULL,
  `id_funcion_persona` int(11) NOT NULL,
  `id_mantenimiento` int(11) NOT NULL
) ENGINE=InnoDB DEFAULT CHARSET=utf8 COLLATE=utf8_spanish_ci;

-- --------------------------------------------------------

--
-- Estructura de tabla para la tabla `persona_equipo`
--

CREATE TABLE `persona_equipo` (
  `id_persona` varchar(11) COLLATE utf8_spanish_ci NOT NULL DEFAULT '' COMMENT 'El tipo de dato varchar, porque 0 es para super usuario y se necesita no usar el 0',
  `id_cargo` varchar(11) COLLATE utf8_spanish_ci NOT NULL DEFAULT '' COMMENT 'El tipo de dato varchar, porque 0 es para super usuario y se necesita no usar el 0',
  `id_departamento` varchar(11) COLLATE utf8_spanish_ci NOT NULL DEFAULT '' COMMENT 'El tipo de dato varchar, porque 0 es para super usuario y se necesita no usar el 0',
  `id_equipo` varchar(11) COLLATE utf8_spanish_ci NOT NULL DEFAULT '' COMMENT 'El tipo de dato varchar, porque 0 es para super usuario y se necesita no usar el 0',
  `fecha` datetime NOT NULL,
  `fecha_desincorporacion` datetime NOT NULL,
  `observacion` varchar(255) COLLATE utf8_spanish_ci NOT NULL DEFAULT 'En uso',
  `estado` int(1) NOT NULL
) ENGINE=InnoDB DEFAULT CHARSET=utf8 COLLATE=utf8_spanish_ci;

-- --------------------------------------------------------

--
-- Estructura de tabla para la tabla `pnej_funcion_persona`
--

CREATE TABLE `pnej_funcion_persona` (
  `id` int(11) NOT NULL,
  `nombre` varchar(50) COLLATE utf8_spanish_ci NOT NULL
) ENGINE=InnoDB DEFAULT CHARSET=utf8 COLLATE=utf8_spanish_ci;

--
-- Volcado de datos para la tabla `pnej_funcion_persona`
--

INSERT INTO `pnej_funcion_persona` (`id`, `nombre`) VALUES
(1, 'RECIBIÓ EQUIPO'),
(2, 'REALIZO DIAGNÓSTICO'),
(3, 'REALIZO TAREA'),
(4, 'DESINCORPORO EQUIPO'),
(5, 'DESINCORPORO PERIFERICO'),
(6, 'DESINCORPORO COMPONENTE'),
(7, 'CAMBIO POR PERIFÉRICO NUEVO'),
(8, 'CAMBIO POR PERIFÉRICO USADO'),
(9, 'CAMBIO POR COMPONENTE NUEVO'),
(10, 'CAMBIO POR COMPONENTE USADO'),
(11, 'CAMBIO SOFTWARE'),
(12, 'RESPONDIO LA SOLICITUD'),
(13, 'REALIZO LA FINALIZACIÓN DE LA SOLICITUD'),
(14, 'REALIZO LA ATENCIÓN A UNA INCONFORMIDAD'),
(15, 'COMENZÓ LA ATENCIÓN A LA SOLICITUD'),
(16, 'QUEDO CONFORME CON EL SERVICIO'),
(17, 'QUEDO INCONFORME CON EL SERVICIO'),
(18, 'REALIZO LA ASIGNACIÓN DEL NUEVO EQUIPO'),
(19, 'INICIO LA TAREA PROGRAMADA'),
(20, 'FINALIZO LA TAREA PROGRAMADA');

-- --------------------------------------------------------

--
-- Estructura de tabla para la tabla `solicitud`
--

CREATE TABLE `solicitud` (
  `id` int(11) NOT NULL,
  `asunto` varchar(100) COLLATE utf8_spanish_ci NOT NULL,
  `descripcion` varchar(255) COLLATE utf8_spanish_ci NOT NULL,
  `fecha` datetime NOT NULL,
  `fecha_desde` datetime NOT NULL,
  `fecha_cierre` datetime DEFAULT NULL,
  `id_persona` int(11) NOT NULL,
  `id_cargo` int(11) NOT NULL,
  `id_departamento` int(11) NOT NULL,
  `id_persona_asignada` varchar(11) COLLATE utf8_spanish_ci DEFAULT NULL,
  `id_cargo_pa` int(11) DEFAULT NULL,
  `id_departamento_pa` int(11) DEFAULT NULL,
  `id_equipo` int(11) NOT NULL,
  `observacion_extra` varchar(255) COLLATE utf8_spanish_ci NOT NULL,
  `estado` int(1) NOT NULL DEFAULT '0'
) ENGINE=InnoDB DEFAULT CHARSET=utf8 COLLATE=utf8_spanish_ci;

-- --------------------------------------------------------

--
-- Estructura de tabla para la tabla `solt_conformidad`
--

CREATE TABLE `solt_conformidad` (
  `id` int(11) NOT NULL,
  `observacion` varchar(100) COLLATE utf8_spanish_ci NOT NULL,
  `id_solt` int(11) NOT NULL,
  `fecha` datetime NOT NULL,
  `estado` int(1) NOT NULL,
  `estado_atencion` int(1) NOT NULL
) ENGINE=InnoDB DEFAULT CHARSET=utf8 COLLATE=utf8_spanish_ci;

-- --------------------------------------------------------

--
-- Estructura de tabla para la tabla `solt_diagnostico`
--

CREATE TABLE `solt_diagnostico` (
  `id` int(11) NOT NULL,
  `observacion` varchar(255) COLLATE utf8_spanish_ci NOT NULL,
  `id_solt` int(11) NOT NULL,
  `fecha` datetime NOT NULL
) ENGINE=InnoDB DEFAULT CHARSET=utf8 COLLATE=utf8_spanish_ci;

-- --------------------------------------------------------

--
-- Estructura de tabla para la tabla `solt_respuesta`
--

CREATE TABLE `solt_respuesta` (
  `id` int(11) NOT NULL,
  `observacion` varchar(255) COLLATE utf8_spanish_ci NOT NULL,
  `id_solt` int(11) NOT NULL,
  `fecha` datetime NOT NULL
) ENGINE=InnoDB DEFAULT CHARSET=utf8 COLLATE=utf8_spanish_ci;

-- --------------------------------------------------------

--
-- Estructura de tabla para la tabla `tarea_equipo`
--

CREATE TABLE `tarea_equipo` (
  `id_tarea` int(11) NOT NULL,
  `id_equipo` int(11) NOT NULL,
  `tiempo_estimado` int(3) NOT NULL,
  `frecuencia` int(3) NOT NULL DEFAULT '0',
  `ultima_fecha` date NOT NULL,
  `proxima_fecha` date NOT NULL,
  `estado_uso` int(1) NOT NULL DEFAULT '0',
  `id` int(11) NOT NULL
) ENGINE=InnoDB DEFAULT CHARSET=utf8 COLLATE=utf8_spanish_ci;

--
-- Índices para tablas volcadas
--

--
-- Indices de la tabla `bitacora`
--
ALTER TABLE `bitacora`
  ADD PRIMARY KEY (`id`);

--
-- Indices de la tabla `cfg_caracteristicas_fisc_comp`
--
ALTER TABLE `cfg_caracteristicas_fisc_comp`
  ADD PRIMARY KEY (`id`);

--
-- Indices de la tabla `cfg_caracteristicas_fisc_eq`
--
ALTER TABLE `cfg_caracteristicas_fisc_eq`
  ADD PRIMARY KEY (`id`);

--
-- Indices de la tabla `cfg_caracteristicas_fisc_perif`
--
ALTER TABLE `cfg_caracteristicas_fisc_perif`
  ADD PRIMARY KEY (`id`);

--
-- Indices de la tabla `cfg_configuracion`
--
ALTER TABLE `cfg_configuracion`
  ADD PRIMARY KEY (`id`);

--
-- Indices de la tabla `cfg_c_fisc_interfaz_conexion`
--
ALTER TABLE `cfg_c_fisc_interfaz_conexion`
  ADD PRIMARY KEY (`id`);

--
-- Indices de la tabla `cfg_c_fisc_modelo`
--
ALTER TABLE `cfg_c_fisc_modelo`
  ADD PRIMARY KEY (`id`);

--
-- Indices de la tabla `cfg_c_fisc_mod_marca`
--
ALTER TABLE `cfg_c_fisc_mod_marca`
  ADD PRIMARY KEY (`id`);

--
-- Indices de la tabla `cfg_c_fisc_tipo`
--
ALTER TABLE `cfg_c_fisc_tipo`
  ADD PRIMARY KEY (`id`);

--
-- Indices de la tabla `cfg_c_fisc_unidad_medida`
--
ALTER TABLE `cfg_c_fisc_unidad_medida`
  ADD PRIMARY KEY (`id`);

--
-- Indices de la tabla `cfg_c_logc_distribucion`
--
ALTER TABLE `cfg_c_logc_distribucion`
  ADD PRIMARY KEY (`id`);

--
-- Indices de la tabla `cfg_c_logc_tipo`
--
ALTER TABLE `cfg_c_logc_tipo`
  ADD PRIMARY KEY (`id`);

--
-- Indices de la tabla `cfg_departamento`
--
ALTER TABLE `cfg_departamento`
  ADD PRIMARY KEY (`id`);

--
-- Indices de la tabla `cfg_persona`
--
ALTER TABLE `cfg_persona`
  ADD PRIMARY KEY (`id`);

--
-- Indices de la tabla `cfg_persona_foto`
--
ALTER TABLE `cfg_persona_foto`
  ADD PRIMARY KEY (`id`);

--
-- Indices de la tabla `cfg_pn_cargo`
--
ALTER TABLE `cfg_pn_cargo`
  ADD PRIMARY KEY (`id`);

--
-- Indices de la tabla `cfg_pn_perfil`
--
ALTER TABLE `cfg_pn_perfil`
  ADD PRIMARY KEY (`id`);

--
-- Indices de la tabla `cfg_pn_perfil_permiso`
--
ALTER TABLE `cfg_pn_perfil_permiso`
  ADD PRIMARY KEY (`id`);

--
-- Indices de la tabla `cfg_pn_usuario`
--
ALTER TABLE `cfg_pn_usuario`
  ADD PRIMARY KEY (`id`);

--
-- Indices de la tabla `cfg_tarea`
--
ALTER TABLE `cfg_tarea`
  ADD PRIMARY KEY (`id`);

--
-- Indices de la tabla `equipo`
--
ALTER TABLE `equipo`
  ADD PRIMARY KEY (`id`);

--
-- Indices de la tabla `eq_componente`
--
ALTER TABLE `eq_componente`
  ADD PRIMARY KEY (`id`);

--
-- Indices de la tabla `eq_periferico`
--
ALTER TABLE `eq_periferico`
  ADD PRIMARY KEY (`id`);

--
-- Indices de la tabla `eq_software`
--
ALTER TABLE `eq_software`
  ADD PRIMARY KEY (`id`);

--
-- Indices de la tabla `mantenimiento`
--
ALTER TABLE `mantenimiento`
  ADD PRIMARY KEY (`id`),
  ADD KEY `id_equipo` (`id_solicitud`),
  ADD KEY `id_tarea_equipo` (`id_tarea_equipo`),
  ADD KEY `id_tipo_mant` (`id_tipo_mant`);

--
-- Indices de la tabla `mant_tipo_mantenimiento`
--
ALTER TABLE `mant_tipo_mantenimiento`
  ADD PRIMARY KEY (`id`);

--
-- Indices de la tabla `mtn_modulo`
--
ALTER TABLE `mtn_modulo`
  ADD PRIMARY KEY (`id`);

--
-- Indices de la tabla `persona_ejecuta`
--
ALTER TABLE `persona_ejecuta`
  ADD KEY `id_mantenimiento` (`id_mantenimiento`),
  ADD KEY `id_funcion_persona` (`id_funcion_persona`),
  ADD KEY `id_persona` (`id_persona`);

--
-- Indices de la tabla `pnej_funcion_persona`
--
ALTER TABLE `pnej_funcion_persona`
  ADD PRIMARY KEY (`id`);

--
-- Indices de la tabla `solicitud`
--
ALTER TABLE `solicitud`
  ADD PRIMARY KEY (`id`);

--
-- Indices de la tabla `solt_conformidad`
--
ALTER TABLE `solt_conformidad`
  ADD PRIMARY KEY (`id`);

--
-- Indices de la tabla `solt_diagnostico`
--
ALTER TABLE `solt_diagnostico`
  ADD PRIMARY KEY (`id`);

--
-- Indices de la tabla `solt_respuesta`
--
ALTER TABLE `solt_respuesta`
  ADD PRIMARY KEY (`id`);

--
-- Indices de la tabla `tarea_equipo`
--
ALTER TABLE `tarea_equipo`
  ADD PRIMARY KEY (`id`);

--
-- AUTO_INCREMENT de las tablas volcadas
--

--
-- AUTO_INCREMENT de la tabla `bitacora`
--
ALTER TABLE `bitacora`
  MODIFY `id` int(11) NOT NULL AUTO_INCREMENT;
--
-- AUTO_INCREMENT de la tabla `cfg_caracteristicas_fisc_comp`
--
ALTER TABLE `cfg_caracteristicas_fisc_comp`
  MODIFY `id` int(11) NOT NULL AUTO_INCREMENT, AUTO_INCREMENT=5;
--
-- AUTO_INCREMENT de la tabla `cfg_caracteristicas_fisc_eq`
--
ALTER TABLE `cfg_caracteristicas_fisc_eq`
  MODIFY `id` int(11) NOT NULL AUTO_INCREMENT, AUTO_INCREMENT=4;
--
-- AUTO_INCREMENT de la tabla `cfg_caracteristicas_fisc_perif`
--
ALTER TABLE `cfg_caracteristicas_fisc_perif`
  MODIFY `id` int(11) NOT NULL AUTO_INCREMENT, AUTO_INCREMENT=7;
--
-- AUTO_INCREMENT de la tabla `cfg_configuracion`
--
ALTER TABLE `cfg_configuracion`
  MODIFY `id` int(11) NOT NULL AUTO_INCREMENT, AUTO_INCREMENT=4;
--
-- AUTO_INCREMENT de la tabla `cfg_c_fisc_interfaz_conexion`
--
ALTER TABLE `cfg_c_fisc_interfaz_conexion`
  MODIFY `id` int(11) NOT NULL AUTO_INCREMENT, AUTO_INCREMENT=8;
--
-- AUTO_INCREMENT de la tabla `cfg_c_fisc_modelo`
--
ALTER TABLE `cfg_c_fisc_modelo`
  MODIFY `id` int(11) NOT NULL AUTO_INCREMENT, AUTO_INCREMENT=63;
--
-- AUTO_INCREMENT de la tabla `cfg_c_fisc_mod_marca`
--
ALTER TABLE `cfg_c_fisc_mod_marca`
  MODIFY `id` int(11) NOT NULL AUTO_INCREMENT, AUTO_INCREMENT=15;
--
-- AUTO_INCREMENT de la tabla `cfg_c_fisc_tipo`
--
ALTER TABLE `cfg_c_fisc_tipo`
  MODIFY `id` int(11) NOT NULL AUTO_INCREMENT, AUTO_INCREMENT=15;
--
-- AUTO_INCREMENT de la tabla `cfg_c_fisc_unidad_medida`
--
ALTER TABLE `cfg_c_fisc_unidad_medida`
  MODIFY `id` int(11) NOT NULL AUTO_INCREMENT, AUTO_INCREMENT=10;
--
-- AUTO_INCREMENT de la tabla `cfg_c_logc_distribucion`
--
ALTER TABLE `cfg_c_logc_distribucion`
  MODIFY `id` int(11) NOT NULL AUTO_INCREMENT, AUTO_INCREMENT=6;
--
-- AUTO_INCREMENT de la tabla `cfg_c_logc_tipo`
--
ALTER TABLE `cfg_c_logc_tipo`
  MODIFY `id` int(11) NOT NULL AUTO_INCREMENT, AUTO_INCREMENT=4;
--
-- AUTO_INCREMENT de la tabla `cfg_departamento`
--
ALTER TABLE `cfg_departamento`
  MODIFY `id` int(11) NOT NULL AUTO_INCREMENT, AUTO_INCREMENT=24;
--
-- AUTO_INCREMENT de la tabla `cfg_persona`
--
ALTER TABLE `cfg_persona`
  MODIFY `id` int(11) NOT NULL AUTO_INCREMENT, AUTO_INCREMENT=3;
--
-- AUTO_INCREMENT de la tabla `cfg_persona_foto`
--
ALTER TABLE `cfg_persona_foto`
  MODIFY `id` int(11) NOT NULL AUTO_INCREMENT, AUTO_INCREMENT=3;
--
-- AUTO_INCREMENT de la tabla `cfg_pn_cargo`
--
ALTER TABLE `cfg_pn_cargo`
  MODIFY `id` int(11) NOT NULL AUTO_INCREMENT, AUTO_INCREMENT=5;
--
-- AUTO_INCREMENT de la tabla `cfg_pn_perfil`
--
ALTER TABLE `cfg_pn_perfil`
  MODIFY `id` int(11) NOT NULL AUTO_INCREMENT, AUTO_INCREMENT=4;
--
-- AUTO_INCREMENT de la tabla `cfg_pn_perfil_permiso`
--
ALTER TABLE `cfg_pn_perfil_permiso`
  MODIFY `id` int(11) NOT NULL AUTO_INCREMENT, AUTO_INCREMENT=95;
--
-- AUTO_INCREMENT de la tabla `cfg_pn_usuario`
--
ALTER TABLE `cfg_pn_usuario`
  MODIFY `id` int(11) NOT NULL AUTO_INCREMENT, AUTO_INCREMENT=3;
--
-- AUTO_INCREMENT de la tabla `cfg_tarea`
--
ALTER TABLE `cfg_tarea`
  MODIFY `id` int(11) NOT NULL AUTO_INCREMENT, AUTO_INCREMENT=13;
--
-- AUTO_INCREMENT de la tabla `equipo`
--
ALTER TABLE `equipo`
  MODIFY `id` int(11) NOT NULL AUTO_INCREMENT;
--
-- AUTO_INCREMENT de la tabla `eq_componente`
--
ALTER TABLE `eq_componente`
  MODIFY `id` int(11) NOT NULL AUTO_INCREMENT, AUTO_INCREMENT=7;
--
-- AUTO_INCREMENT de la tabla `eq_periferico`
--
ALTER TABLE `eq_periferico`
  MODIFY `id` int(11) NOT NULL AUTO_INCREMENT, AUTO_INCREMENT=7;
--
-- AUTO_INCREMENT de la tabla `eq_software`
--
ALTER TABLE `eq_software`
  MODIFY `id` int(11) NOT NULL AUTO_INCREMENT, AUTO_INCREMENT=6;
--
-- AUTO_INCREMENT de la tabla `mantenimiento`
--
ALTER TABLE `mantenimiento`
  MODIFY `id` int(11) NOT NULL AUTO_INCREMENT;
--
-- AUTO_INCREMENT de la tabla `mant_tipo_mantenimiento`
--
ALTER TABLE `mant_tipo_mantenimiento`
  MODIFY `id` int(11) NOT NULL AUTO_INCREMENT, AUTO_INCREMENT=3;
--
-- AUTO_INCREMENT de la tabla `mtn_modulo`
--
ALTER TABLE `mtn_modulo`
  MODIFY `id` int(11) NOT NULL AUTO_INCREMENT, AUTO_INCREMENT=33;
--
-- AUTO_INCREMENT de la tabla `pnej_funcion_persona`
--
ALTER TABLE `pnej_funcion_persona`
  MODIFY `id` int(11) NOT NULL AUTO_INCREMENT, AUTO_INCREMENT=21;
--
-- AUTO_INCREMENT de la tabla `solicitud`
--
ALTER TABLE `solicitud`
  MODIFY `id` int(11) NOT NULL AUTO_INCREMENT;
--
-- AUTO_INCREMENT de la tabla `solt_conformidad`
--
ALTER TABLE `solt_conformidad`
  MODIFY `id` int(11) NOT NULL AUTO_INCREMENT;
--
-- AUTO_INCREMENT de la tabla `solt_diagnostico`
--
ALTER TABLE `solt_diagnostico`
  MODIFY `id` int(11) NOT NULL AUTO_INCREMENT;
--
-- AUTO_INCREMENT de la tabla `solt_respuesta`
--
ALTER TABLE `solt_respuesta`
  MODIFY `id` int(11) NOT NULL AUTO_INCREMENT;
--
-- AUTO_INCREMENT de la tabla `tarea_equipo`
--
ALTER TABLE `tarea_equipo`
  MODIFY `id` int(11) NOT NULL AUTO_INCREMENT;
/*!40101 SET CHARACTER_SET_CLIENT=@OLD_CHARACTER_SET_CLIENT */;
/*!40101 SET CHARACTER_SET_RESULTS=@OLD_CHARACTER_SET_RESULTS */;
/*!40101 SET COLLATION_CONNECTION=@OLD_COLLATION_CONNECTION */;
